code,name,industry,area,Lastdate
600145,*ST新亿,陶瓷,新疆,2015-12-04
2492,恒基达鑫,仓储物流,广东,2016-02-23
693,华泽钴镍,小金属,四川,2016-02-29
600732,*ST新梅,区域地产,上海,2016-03-17
603838,四通股份,陶瓷,广东,2016-03-23
600710,*ST常林,工程机械,江苏,2016-03-29
2129,中环股份,半导体,天津,2016-04-22
155,*ST川化,农药化肥,四川,2016-04-25
600636,三爱富,化工原料,上海,2016-05-06
601005,重庆钢铁,普钢,重庆,2016-06-01
2576,通达动力,电气设备,江苏,2016-06-13
916,华北高速,路桥,北京,2016-06-23
2745,木林森,半导体,广东,2016-07-15
2571,德力股份,玻璃,安徽,2016-08-01
2526,山东矿机,工程机械,山东,2016-08-01
600890,中房股份,区域地产,北京,2016-08-19
300372,欣泰电气,电气设备,辽宁,2016-08-22
2478,常宝股份,普钢,江苏,2016-08-24
603518,维格娜丝,服饰,江苏,2016-08-29
601727,上海电气,电气设备,上海,2016-08-30
2025,航天电器,元器件,贵州,2016-09-09
300088,长信科技,元器件,安徽,2016-09-09
2584,西陇科学,化工原料,广东,2016-09-09
600733,S前锋,区域地产,四川,2016-09-12
29,深深房Ａ,区域地产,深圳,2016-09-13
2075,沙钢股份,特种钢,江苏,2016-09-14
600725,云维股份,焦炭加工,云南,2016-09-22
600859,王府井,百货,北京,2016-09-26
2462,嘉事堂,医药商业,北京,2016-09-27
682,东方电子,电气设备,山东,2016-09-30
2034,美 欣 达,纺织,浙江,2016-09-30
2578,闽发铝业,铝,福建,2016-10-11
2239,奥特佳,服饰,江苏,2016-10-17
603399,新华龙,小金属,辽宁,2016-10-19
2440,闰土股份,染料涂料,浙江,2016-10-21
748,长城信息,电脑设备,湖南,2016-10-31
600225,天津松江,区域地产,天津,2016-11-07
600855,航天长峰,专用机械,北京,2016-11-07
2316,键桥通讯,软件服务,深圳,2016-11-09
600151,航天机电,半导体,上海,2016-11-10
2226,江南化工,化工原料,安徽,2016-11-11
603558,健盛集团,纺织,浙江,2016-11-14
600673,东阳光科,铝,广东,2016-11-14
2151,北斗星通,通信设备,北京,2016-11-15
697,炼石有色,小金属,陕西,2016-11-16
2482,广田股份,装修装饰,深圳,2016-11-16
600807,天业股份,区域地产,山东,2016-11-18
2099,海翔药业,化学制药,浙江,2016-11-18
2098,浔兴股份,服饰,福建,2016-11-18
982,中银绒业,纺织,宁夏,2016-11-21
603308,应流股份,专用机械,安徽,2016-11-23
603169,兰石重装,专用机械,甘肃,2016-11-23
601700,风范股份,电气设备,江苏,2016-11-24
600551,时代出版,出版业,安徽,2016-11-25
2400,省广股份,广告包装,广东,2016-11-25
2048,宁波华翔,汽车配件,浙江,2016-11-28
2113,天润控股,农药化肥,湖南,2016-11-29
300212,易华录,软件服务,北京,2016-11-29
300490,华自科技,电气设备,湖南,2016-12-02
821,京山轻机,轻工机械,湖北,2016-12-02
2579,中京电子,元器件,广东,2016-12-02
2260,德奥通航,航空,广东,2016-12-02
516,国际医学,百货,陕西,2016-12-02
300065,海兰信,软件服务,北京,2016-12-07
2120,新海股份,家居用品,浙江,2016-12-09
2128,露天煤业,煤炭开采,内蒙,2016-12-09
2127,南极电商,互联网,江苏,2016-12-09
2126,银轮股份,汽车配件,浙江,2016-12-09
2114,罗平锌电,铅锌,云南,2016-12-09
2111,威海广泰,航空,山东,2016-12-09
2125,湘潭电化,化工原料,湖南,2016-12-09
2124,天邦股份,饲料,浙江,2016-12-09
2115,三维通信,通信设备,浙江,2016-12-09
2123,荣信股份,电气设备,辽宁,2016-12-09
2122,天马股份,机械基件,浙江,2016-12-09
2110,三钢闽光,普钢,福建,2016-12-09
2109,*ST兴化,化工原料,陕西,2016-12-09
2104,恒宝股份,元器件,江苏,2016-12-09
2108,沧州明珠,塑料,河北,2016-12-09
2116,中国海诚,建筑施工,上海,2016-12-09
2117,东港股份,广告包装,山东,2016-12-09
2587,奥拓电子,元器件,深圳,2016-12-09
2118,紫鑫药业,中成药,吉林,2016-12-09
2112,三变科技,电气设备,浙江,2016-12-09
2105,信隆实业,文教休闲,深圳,2016-12-09
2106,莱宝高科,元器件,深圳,2016-12-09
2107,沃华医药,中成药,山东,2016-12-09
2121,科陆电子,电器仪表,深圳,2016-12-09
2119,康强电子,半导体,浙江,2016-12-09
2130,沃尔核材,电气设备,深圳,2016-12-09
2569,步森股份,服饰,浙江,2016-12-09
2132,恒星科技,钢加工,河南,2016-12-09
2583,海能达,通信设备,深圳,2016-12-09
2582,好想你,食品,河南,2016-12-09
2192,融捷股份,化工原料,广东,2016-12-09
2193,山东如意,纺织,山东,2016-12-09
2194,武汉凡谷,通信设备,湖北,2016-12-09
2195,二三四五,软件服务,上海,2016-12-09
2196,方正电机,纺织机械,浙江,2016-12-09
2585,双星新材,塑料,江苏,2016-12-09
2197,证通电子,电器仪表,深圳,2016-12-09
2199,东晶电子,元器件,浙江,2016-12-09
2200,云投生态,环境保护,云南,2016-12-09
2201,九鼎新材,玻璃,江苏,2016-12-09
2202,金风科技,电气设备,新疆,2016-12-09
2203,海亮股份,铜,浙江,2016-12-09
2204,大连重工,专用机械,辽宁,2016-12-09
2205,国统股份,其他建材,新疆,2016-12-09
2198,嘉应制药,中成药,广东,2016-12-09
2131,利欧股份,农用机械,浙江,2016-12-09
2150,通润装备,机械基件,江苏,2016-12-09
2148,北纬通信,互联网,北京,2016-12-09
2133,广宇集团,全国地产,浙江,2016-12-09
2134,天津普林,元器件,天津,2016-12-09
2135,东南网架,建筑施工,浙江,2016-12-09
2136,安 纳 达,化工原料,安徽,2016-12-09
2137,麦达数字,元器件,深圳,2016-12-09
2138,顺络电子,元器件,深圳,2016-12-09
2139,拓邦股份,元器件,深圳,2016-12-09
2149,西部材料,小金属,陕西,2016-12-09
2103,广博股份,文教休闲,浙江,2016-12-09
2142,宁波银行,银行,浙江,2016-12-09
2586,围海股份,建筑施工,浙江,2016-12-09
2143,印纪传媒,影视音像,四川,2016-12-09
2144,宏达高科,纺织,浙江,2016-12-09
2145,中核钛白,化工原料,甘肃,2016-12-09
2146,荣盛发展,全国地产,河北,2016-12-09
2147,方圆支承,机械基件,安徽,2016-12-09
2141,蓉胜超微,元器件,广东,2016-12-09
2140,东华科技,建筑施工,安徽,2016-12-09
2095,生 意 宝,互联网,浙江,2016-12-09
2101,广东鸿图,机械基件,广东,2016-12-09
2023,海特高新,航空,四川,2016-12-09
2024,苏宁云商,电器连锁,江苏,2016-12-09
2591,恒大高新,机械基件,江西,2016-12-09
2026,山东威达,机械基件,山东,2016-12-09
2027,七喜控股,电脑设备,广东,2016-12-09
2590,万安科技,汽车配件,浙江,2016-12-09
2028,思源电气,电气设备,上海,2016-12-09
2029,七 匹 狼,服饰,福建,2016-12-09
2030,达安基因,生物制药,广东,2016-12-09
2031,巨轮智能,汽车配件,广东,2016-12-09
2032,苏 泊 尔,家用电器,浙江,2016-12-09
2033,丽江旅游,旅游景点,云南,2016-12-09
2035,华帝股份,家用电器,广东,2016-12-09
2036,联创电子,元器件,浙江,2016-12-09
2037,久联发展,化工原料,贵州,2016-12-09
2038,双鹭药业,生物制药,北京,2016-12-09
2039,黔源电力,水力发电,贵州,2016-12-09
2022,科华生物,生物制药,上海,2016-12-09
2021,中捷资源,纺织机械,浙江,2016-12-09
2020,京新药业,化学制药,浙江,2016-12-09
2019,亿帆鑫富,化学制药,浙江,2016-12-09
2652,扬子新材,其他建材,江苏,2016-12-09
2593,日上集团,汽车配件,福建,2016-12-09
2592,八菱科技,汽车配件,广西,2016-12-09
2004,华邦健康,化学制药,重庆,2016-12-09
2005,德豪润达,家用电器,广东,2016-12-09
2006,精功科技,工程机械,浙江,2016-12-09
2007,华兰生物,生物制药,河南,2016-12-09
2008,大族激光,电器仪表,深圳,2016-12-09
2040,南 京 港,港口,江苏,2016-12-09
2009,天奇股份,工程机械,江苏,2016-12-09
2011,盾安环境,工程机械,浙江,2016-12-09
2012,凯恩股份,造纸,浙江,2016-12-09
2013,中航机电,汽车配件,湖北,2016-12-09
2014,永新股份,塑料,安徽,2016-12-09
2015,霞客环保,化纤,江苏,2016-12-09
2016,世荣兆业,区域地产,广东,2016-12-09
2017,东信和平,通信设备,广东,2016-12-09
2018,华信国际,农药化肥,安徽,2016-12-09
2010,传化股份,染料涂料,浙江,2016-12-09
2041,登海种业,种植业,山东,2016-12-09
2042,华孚色纺,纺织,安徽,2016-12-09
2043,兔 宝 宝,其他建材,浙江,2016-12-09
2082,栋梁新材,铝,浙江,2016-12-09
2083,孚日股份,纺织,山东,2016-12-09
2084,海鸥卫浴,家居用品,广东,2016-12-09
2085,万丰奥威,汽车配件,浙江,2016-12-09
2086,东方海洋,渔业,山东,2016-12-09
2087,新野纺织,纺织,河南,2016-12-09
2088,鲁阳节能,矿物制品,山东,2016-12-09
2089,新 海 宜,通信设备,江苏,2016-12-09
2080,中材科技,化纤,江苏,2016-12-09
2588,史丹利,农药化肥,山东,2016-12-09
2091,江苏国泰,商贸代理,江苏,2016-12-09
2092,中泰化学,化工原料,新疆,2016-12-09
2093,国脉科技,电信运营,福建,2016-12-09
2094,青岛金王,日用化工,山东,2016-12-09
2206,海 利 得,化纤,浙江,2016-12-09
2096,南岭民爆,化工原料,湖南,2016-12-09
2097,山河智能,工程机械,湖南,2016-12-09
2100,天康生物,饲料,新疆,2016-12-09
2090,金智科技,软件服务,江苏,2016-12-09
2102,冠福股份,陶瓷,福建,2016-12-09
2079,苏州固锝,半导体,江苏,2016-12-09
2063,远光软件,软件服务,广东,2016-12-09
2044,美年健康,服饰,江苏,2016-12-09
2045,国光电器,元器件,广东,2016-12-09
2046,轴研科技,机械基件,河南,2016-12-09
2047,宝鹰股份,装修装饰,深圳,2016-12-09
2049,同方国芯,元器件,河北,2016-12-09
2050,三花股份,机械基件,浙江,2016-12-09
2051,中工国际,建筑施工,北京,2016-12-09
2052,同洲电子,通信设备,深圳,2016-12-09
2589,瑞康医药,医药商业,山东,2016-12-09
2053,云南盐化,化工原料,云南,2016-12-09
2055,得润电子,元器件,深圳,2016-12-09
2056,横店东磁,元器件,浙江,2016-12-09
2057,中钢天源,元器件,安徽,2016-12-09
2058,威 尔 泰,电器仪表,上海,2016-12-09
2059,云南旅游,旅游景点,云南,2016-12-09
2060,粤 水 电,建筑施工,广东,2016-12-09
2061,*ST江化,化工原料,浙江,2016-12-09
2062,宏润建设,建筑施工,浙江,2016-12-09
2054,德美化工,化工原料,广东,2016-12-09
2207,准油股份,石油开采,新疆,2016-12-09
2216,三全食品,食品,河南,2016-12-09
2209,达 意 隆,轻工机械,广东,2016-12-09
2498,汉缆股份,电气设备,山东,2016-12-09
2499,科林环保,专用机械,江苏,2016-12-09
2500,山西证券,证券,山西,2016-12-09
2501,利源精制,铝,吉林,2016-12-09
2502,骅威股份,文教休闲,广东,2016-12-09
2503,搜于特,服饰,广东,2016-12-09
2504,弘高创意,半导体,北京,2016-12-09
2517,恺英网络,互联网,福建,2016-12-09
2518,科士达,电器仪表,深圳,2016-12-09
2519,银河电子,通信设备,江苏,2016-12-09
2520,日发精机,机床制造,浙江,2016-12-09
2521,齐峰新材,造纸,山东,2016-12-09
2522,浙江众成,塑料,浙江,2016-12-09
2574,明牌珠宝,服饰,浙江,2016-12-09
2523,天桥起重,工程机械,湖南,2016-12-09
2524,光正集团,钢加工,新疆,2016-12-09
2573,清新环境,环境保护,北京,2016-12-09
2497,雅化集团,化工原料,四川,2016-12-09
2527,新时达,电器仪表,上海,2016-12-09
2496,辉丰股份,农药化肥,江苏,2016-12-09
2494,华斯股份,服饰,河北,2016-12-09
2476,宝莫股份,化工原料,山东,2016-12-09
2477,雏鹰农牧,农业综合,河南,2016-12-09
2577,雷柏科技,电脑设备,深圳,2016-12-09
2479,富春环保,火力发电,浙江,2016-12-09
2480,新筑股份,机械基件,四川,2016-12-09
2481,双塔食品,食品,山东,2016-12-09
2483,润邦股份,工程机械,江苏,2016-12-09
2484,江海股份,元器件,江苏,2016-12-09
2485,希努尔,服饰,山东,2016-12-09
2486,嘉麟杰,服饰,上海,2016-12-09
2487,大金重工,钢加工,辽宁,2016-12-09
2488,金固股份,汽车配件,浙江,2016-12-09
2489,浙江永强,家居用品,浙江,2016-12-09
2490,山东墨龙,化工机械,山东,2016-12-09
2491,通鼎互联,通信设备,江苏,2016-12-09
2575,群兴玩具,文教休闲,广东,2016-12-09
2493,荣盛石化,化纤,浙江,2016-12-09
2495,佳隆股份,食品,广东,2016-12-09
2528,英飞拓,电脑设备,深圳,2016-12-09
2529,海源机械,专用机械,福建,2016-12-09
2530,丰东股份,专用机械,江苏,2016-12-09
2552,宝鼎科技,机械基件,浙江,2016-12-09
2553,南方轴承,机械基件,江苏,2016-12-09
2554,惠博普,石油开采,北京,2016-12-09
2555,三七互娱,互联网,安徽,2016-12-09
2556,辉隆股份,其他商业,安徽,2016-12-09
2557,洽洽食品,食品,安徽,2016-12-09
2558,世纪游轮,旅游服务,重庆,2016-12-09
2559,亚威股份,机床制造,江苏,2016-12-09
2560,通达股份,电气设备,河南,2016-12-09
2561,徐家汇,百货,上海,2016-12-09
2562,兄弟科技,化工原料,浙江,2016-12-09
2563,森马服饰,服饰,浙江,2016-12-09
2564,天沃科技,化工机械,江苏,2016-12-09
2565,上海绿新,造纸,上海,2016-12-09
2566,益盛药业,中成药,吉林,2016-12-09
2567,唐人神,饲料,湖南,2016-12-09
2568,百润股份,食品,上海,2016-12-09
2551,尚荣医疗,医疗保健,深圳,2016-12-09
2550,千红制药,生物制药,江苏,2016-12-09
2549,凯美特气,环境保护,湖南,2016-12-09
2548,金新农,饲料,深圳,2016-12-09
2531,天顺风能,电气设备,江苏,2016-12-09
2532,新界泵业,农用机械,浙江,2016-12-09
2572,索菲亚,家居用品,广东,2016-12-09
2533,金杯电工,电气设备,湖南,2016-12-09
2534,杭锅股份,专用机械,浙江,2016-12-09
2535,林州重机,工程机械,河南,2016-12-09
2536,西泵股份,汽车配件,河南,2016-12-09
2537,海立美达,机械基件,山东,2016-12-09
2475,立讯精密,元器件,深圳,2016-12-09
2538,司尔特,农药化肥,安徽,2016-12-09
2540,亚太科技,铝,江苏,2016-12-09
2541,鸿路钢构,钢加工,安徽,2016-12-09
2542,中化岩土,建筑施工,北京,2016-12-09
2543,万和电气,家用电器,广东,2016-12-09
2544,杰赛科技,软件服务,广东,2016-12-09
2545,东方铁塔,钢加工,山东,2016-12-09
2546,新联电子,电气设备,江苏,2016-12-09
2547,春兴精工,通信设备,江苏,2016-12-09
2539,新都化工,农药化肥,四川,2016-12-09
2208,合肥城建,区域地产,安徽,2016-12-09
2474,榕基软件,软件服务,福建,2016-12-09
2472,双环传动,机械基件,浙江,2016-12-09
2232,启明信息,软件服务,吉林,2016-12-09
2233,塔牌集团,水泥,广东,2016-12-09
2234,民和股份,农业综合,山东,2016-12-09
2235,安妮股份,造纸,福建,2016-12-09
2236,大华股份,电器仪表,浙江,2016-12-09
2237,恒邦股份,黄金,山东,2016-12-09
2238,天威视讯,影视音像,深圳,2016-12-09
2581,未名医药,化学制药,山东,2016-12-09
2580,圣阳股份,电气设备,山东,2016-12-09
2381,双箭股份,橡胶,浙江,2016-12-09
2420,毅昌股份,塑料,广东,2016-12-09
2421,达实智能,软件服务,深圳,2016-12-09
2422,科伦药业,化学制药,四川,2016-12-09
2423,中原特钢,特种钢,河南,2016-12-09
2424,贵州百灵,中成药,贵州,2016-12-09
2425,凯撒股份,服饰,广东,2016-12-09
2426,胜利精密,元器件,江苏,2016-12-09
2231,奥维通信,通信设备,辽宁,2016-12-09
2427,尤夫股份,化纤,浙江,2016-12-09
2230,科大讯飞,软件服务,安徽,2016-12-09
2228,合兴包装,广告包装,福建,2016-12-09
2210,飞马国际,仓储物流,深圳,2016-12-09
2211,宏达新材,橡胶,江苏,2016-12-09
2212,南洋股份,电气设备,广东,2016-12-09
2213,特 尔 佳,汽车配件,深圳,2016-12-09
2214,大立科技,电器仪表,浙江,2016-12-09
2215,诺 普 信,农药化肥,深圳,2016-12-09
2570,贝因美,乳制品,浙江,2016-12-09
2217,合力泰,元器件,山东,2016-12-09
2218,拓日新能,半导体,深圳,2016-12-09
2219,恒康医疗,中成药,甘肃,2016-12-09
2220,天宝股份,食品,辽宁,2016-12-09
2221,东华能源,石油贸易,江苏,2016-12-09
2222,福晶科技,元器件,福建,2016-12-09
2223,鱼跃医疗,医疗保健,江苏,2016-12-09
2224,三 力 士,橡胶,浙江,2016-12-09
2225,濮耐股份,其他建材,河南,2016-12-09
2227,奥 特 迅,电气设备,深圳,2016-12-09
2229,鸿博股份,广告包装,福建,2016-12-09
2428,云南锗业,小金属,云南,2016-12-09
2429,兆驰股份,家用电器,深圳,2016-12-09
2430,杭氧股份,化工机械,浙江,2016-12-09
2454,松芝股份,汽车配件,上海,2016-12-09
2455,百川股份,化工原料,江苏,2016-12-09
2456,欧菲光,元器件,深圳,2016-12-09
2457,青龙管业,塑料,宁夏,2016-12-09
2458,益生股份,农业综合,山东,2016-12-09
2459,天业通联,工程机械,河北,2016-12-09
2460,赣锋锂业,小金属,江西,2016-12-09
2461,珠江啤酒,啤酒,广东,2016-12-09
2463,沪电股份,元器件,江苏,2016-12-09
2464,金利科技,塑料,江苏,2016-12-09
2465,海格通信,通信设备,广东,2016-12-09
2466,天齐锂业,小金属,四川,2016-12-09
2467,二六三,电信运营,北京,2016-12-09
2468,艾迪西,其他建材,浙江,2016-12-09
2469,三维工程,建筑施工,山东,2016-12-09
2470,金正大,农药化肥,山东,2016-12-09
2471,中超控股,电气设备,江苏,2016-12-09
2453,天马精化,化工原料,江苏,2016-12-09
2452,长高集团,电气设备,湖南,2016-12-09
2451,摩恩电气,电气设备,上海,2016-12-09
2450,康得新,化工原料,江苏,2016-12-09
2431,棕榈园林,建筑施工,广东,2016-12-09
2432,九安医疗,医疗保健,天津,2016-12-09
2433,太安堂,中成药,广东,2016-12-09
2434,万里扬,汽车配件,浙江,2016-12-09
2435,长江润发,机械基件,江苏,2016-12-09
2436,兴森科技,元器件,深圳,2016-12-09
2437,誉衡药业,化学制药,黑龙江,2016-12-09
2438,江苏神通,机械基件,江苏,2016-12-09
2473,圣莱达,家用电器,浙江,2016-12-09
2439,启明星辰,软件服务,北京,2016-12-09
2442,龙星化工,化工原料,河北,2016-12-09
2443,金洲管道,钢加工,浙江,2016-12-09
2444,巨星科技,轻工机械,浙江,2016-12-09
2445,中南重工,机械基件,江苏,2016-12-09
2446,盛路通信,通信设备,广东,2016-12-09
2447,壹桥海参,渔业,辽宁,2016-12-09
2448,中原内配,汽车配件,河南,2016-12-09
2449,国星光电,半导体,广东,2016-12-09
2441,众业达,批发业,广东,2016-12-09
603999,读者传媒,出版业,甘肃,2016-12-09
2081,金 螳 螂,装修装饰,江苏,2016-12-09
603699,纽威股份,专用机械,江苏,2016-12-09
603599,广信股份,农药化肥,安徽,2016-12-09
603598,引力传媒,影视音像,北京,2016-12-09
603861,白云电器,电气设备,广东,2016-12-09
603866,桃李面包,食品,辽宁,2016-12-09
603869,北部湾旅,旅游服务,广西,2016-12-09
603883,老百姓,医药商业,湖南,2016-12-09
603885,吉祥航空,空运,上海,2016-12-09
603889,新澳股份,纺织,浙江,2016-12-09
603589,口子窖,白酒,安徽,2016-12-09
603898,好莱客,家居用品,广东,2016-12-09
603588,高能环境,环境保护,北京,2016-12-09
603899,晨光文具,文教休闲,上海,2016-12-09
603901,永创智能,专用机械,浙江,2016-12-09
603568,伟明环保,环境保护,浙江,2016-12-09
603918,金桥信息,软件服务,上海,2016-12-09
603919,金徽酒,白酒,甘肃,2016-12-09
603936,博敏电子,元器件,广东,2016-12-09
603939,益丰药房,医药商业,湖南,2016-12-09
300208,恒顺众N,电气设备,山东,2016-12-09
603968,醋化股份,化工原料,江苏,2016-12-09
603567,珍宝岛,中成药,黑龙江,2016-12-09
603566,普莱柯,生物制药,河南,2016-12-09
603969,银龙股份,其他建材,天津,2016-12-09
603600,永艺股份,家居用品,浙江,2016-12-09
603828,柯利达,装修装饰,江苏,2016-12-09
603601,再升科技,玻璃,重庆,2016-12-09
603818,曲美家居,家居用品,北京,2016-12-09
603678,火炬电子,元器件,福建,2016-12-09
603618,杭电股份,电气设备,浙江,2016-12-09
603686,龙马环卫,专用机械,福建,2016-12-09
603688,石英股份,矿物制品,江苏,2016-12-09
603696,安记食品,食品,福建,2016-12-09
603616,韩建河山,其他建材,北京,2016-12-09
603698,航天工程,专用机械,北京,2016-12-09
603611,诺力股份,运输设备,浙江,2016-12-09
603703,盛洋科技,电气设备,浙江,2016-12-09
603609,禾丰牧业,饲料,辽宁,2016-12-09
603718,海利生物,生物制药,上海,2016-12-09
603669,灵康药业,化学制药,西藏,2016-12-09
603729,龙韵股份,广告包装,上海,2016-12-09
603778,乾景园林,建筑施工,北京,2016-12-09
603788,宁波高发,汽车配件,浙江,2016-12-09
603789,星光农机,农用机械,浙江,2016-12-09
603998,方盛制药,中成药,湖南,2016-12-09
603608,天创时尚,服饰,广东,2016-12-09
603798,康普顿,石油加工,山东,2016-12-09
603799,华友钴业,小金属,浙江,2016-12-09
603606,东方电缆,电气设备,浙江,2016-12-09
603800,道森股份,专用机械,江苏,2016-12-09
603806,福斯特,塑料,浙江,2016-12-09
603808,歌力思,服饰,深圳,2016-12-09
603766,隆鑫通用,摩托车,重庆,2016-12-09
603988,中电电机,电气设备,江苏,2016-12-09
603979,金诚信,建筑施工,北京,2016-12-09
603989,艾华集团,元器件,湖南,2016-12-09
603309,维力医疗,医疗保健,广东,2016-12-09
603555,贵人鸟,服饰,福建,2016-12-09
603300,华铁科技,钢加工,浙江,2016-12-09
603299,井神股份,化工原料,江苏,2016-12-09
603288,海天味业,食品,广东,2016-12-09
603268,松发股份,陶瓷,广东,2016-12-09
603227,雪峰科技,化工原料,新疆,2016-12-09
603223,恒通股份,公路,山东,2016-12-09
603222,济民制药,化学制药,浙江,2016-12-09
603311,金海环境,专用机械,浙江,2016-12-09
603199,九华旅游,旅游服务,安徽,2016-12-09
603198,迎驾贡酒,白酒,安徽,2016-12-09
603188,亚邦股份,染料涂料,江苏,2016-12-09
600007,中国国贸,园区开发,北京,2016-12-09
600008,首创股份,环境保护,北京,2016-12-09
600009,上海机场,机场,上海,2016-12-09
600010,包钢股份,普钢,内蒙,2016-12-09
600011,华能国际,火力发电,北京,2016-12-09
600012,皖通高速,路桥,安徽,2016-12-09
600015,华夏银行,银行,北京,2016-12-09
600006,东风汽车,汽车整车,湖北,2016-12-09
603315,福鞍股份,机械基件,辽宁,2016-12-09
603306,华懋科技,汽车配件,福建,2016-12-09
603377,东方时尚,汽车服务,北京,2016-12-09
603520,司太立,化学制药,浙江,2016-12-09
603993,洛阳钼业,小金属,河南,2016-12-09
603996,中新科技,电脑设备,浙江,2016-12-09
603519,立霸股份,家用电器,江苏,2016-12-09
603508,思维列控,软件服务,河南,2016-12-09
603456,九洲药业,化学制药,浙江,2016-12-09
600005,武钢股份,普钢,湖北,2016-12-09
603398,邦宝益智,文教休闲,广东,2016-12-09
603318,派思股份,专用机械,辽宁,2016-12-09
603369,今世缘,白酒,江苏,2016-12-09
603368,柳州医药,医药商业,广西,2016-12-09
603636,南威软件,软件服务,福建,2016-12-09
603338,浙江鼎力,专用机械,浙江,2016-12-09
603366,日出东方,家用电器,江苏,2016-12-09
603328,依顿电子,元器件,广东,2016-12-09
603355,莱克电气,电气设备,江苏,2016-12-09
603997,继峰股份,汽车配件,浙江,2016-12-09
603333,明星电缆,电气设备,四川,2016-12-09
600645,中源协和,生物制药,天津,2016-12-12
300479,神思电子,软件服务,山东,2016-12-12
600654,中安消,软件服务,上海,2016-12-13
300149,量子高科,食品,广东,2016-12-14
300367,东方网力,电脑设备,北京,2016-12-14
2664,信质电机,电气设备,浙江,2016-12-15
2685,华东重机,工程机械,江苏,2016-12-16
600735,新华锦,商贸代理,山东,2016-12-16
600655,豫园商城,百货,上海,2016-12-19
2162,悦心健康,医疗保健,上海,2016-12-21
600173,卧龙地产,全国地产,浙江,2016-12-21
603111,康尼机电,运输设备,江苏,2016-12-23
603010,万盛股份,化工原料,浙江,2016-12-23
600485,信威集团,通信设备,北京,2016-12-23
600400,红豆股份,服饰,江苏,2016-12-28
600406,国电南瑞,软件服务,江苏,2016-12-28
716,黑芝麻,食品,广西,2016-12-30
2675,东诚药业,化学制药,山东,2016-12-30
600146,商赢环球,塑料,宁夏,2017-01-04
600556,慧球科技,软件服务,广西,2017-01-05
600143,金发科技,塑料,广东,2017-01-06
300467,迅游科技,互联网,四川,2017-01-06
7,全新好,酒店餐饮,深圳,2017-01-13
153,丰原药业,化学制药,安徽,2017-01-13
601113,华鼎股份,化纤,浙江,2017-01-16
935,四川双马,水泥,四川,2017-01-16
600239,云南城投,区域地产,云南,2017-01-17
673,当代东方,广告包装,山西,2017-01-17
600590,泰豪科技,电气设备,江西,2017-01-18
300469,信息发展,软件服务,上海,2017-01-18
300315,掌趣科技,互联网,北京,2017-01-18
2168,深圳惠程,电气设备,深圳,2017-01-20
600559,老白干酒,白酒,河北,2017-01-20
300051,三五互联,互联网,福建,2017-01-23
300266,兴源环境,机械基件,浙江,2017-01-23
300486,东杰智能,专用机械,山西,2017-01-24
300148,天舟文化,出版业,湖南,2017-01-24
600469,风神股份,汽车配件,河南,2017-01-25
2638,勤上光电,半导体,广东,2017-02-03
600602,仪电电子,元器件,上海,2017-02-03
300201,海伦哲,专用机械,江苏,2017-02-03
981,银亿股份,区域地产,甘肃,2017-02-06
600387,海越股份,石油贸易,浙江,2017-02-07
300134,大富科技,通信设备,深圳,2017-02-08
603108,润达医疗,医药商业,上海,2017-02-08
300309,吉艾科技,专用机械,北京,2017-02-09
979,中弘股份,区域地产,安徽,2017-02-09
300209,天泽信息,软件服务,江苏,2017-02-09
600136,道博股份,影视音像,湖北,2017-02-10
300364,中文在线,出版业,北京,2017-02-10
2299,圣农发展,农业综合,福建,2017-02-13
613,大东海A,旅游服务,海南,2017-02-14
600834,申通地铁,公共交通,上海,2017-02-15
723,美锦能源,焦炭加工,山西,2017-02-17
300440,运达科技,软件服务,四川,2017-02-17
600657,信达地产,全国地产,北京,2017-02-17
600490,鹏欣资源,化工原料,上海,2017-02-20
600481,双良节能,化工原料,江苏,2017-02-20
300322,硕贝德,通信设备,广东,2017-02-22
32,深桑达Ａ,元器件,深圳,2017-02-24
2600,江粉磁材,元器件,广东,2017-02-24
300423,鲁亿通,电气设备,山东,2017-02-24
2717,岭南园林,建筑施工,广东,2017-02-24
2248,华东数控,机床制造,山东,2017-02-27
2606,大连电瓷,电气设备,辽宁,2017-03-01
600375,华菱星马,汽车整车,安徽,2017-03-01
300025,华星创业,通信设备,浙江,2017-03-02
2513,蓝丰生化,农药化肥,江苏,2017-03-03
600277,亿利洁能,新型电力,内蒙,2017-03-03
2255,海陆重工,专用机械,江苏,2017-03-03
300192,科斯伍德,染料涂料,江苏,2017-03-03
300268,万福生科,农业综合,湖南,2017-03-06
300057,万顺股份,广告包装,广东,2017-03-07
611,*ST蒙发,纺织,内蒙,2017-03-08
2175,东方网络,电器仪表,广西,2017-03-08
301,东方市场,综合类,江苏,2017-03-10
862,银星能源,新型电力,宁夏,2017-03-10
2505,大康牧业,农业综合,湖南,2017-03-10
953,河池化工,农药化肥,广西,2017-03-13
2699,美盛文化,服饰,浙江,2017-03-13
600228,昌九生化,化工原料,江西,2017-03-14
2417,三元达,通信设备,福建,2017-03-14
300320,海达股份,橡胶,江苏,2017-03-14
300472,新元科技,专用机械,北京,2017-03-17
526,银润投资,房产服务,福建,2017-03-17
2418,康盛股份,机械基件,浙江,2017-03-17
2076,雪 莱 特,家用电器,广东,2017-03-17
300478,杭州高新,橡胶,浙江,2017-03-17
600609,金杯汽车,汽车整车,辽宁,2017-03-17
34,深信泰丰,综合类,深圳,2017-03-20
2280,联络互动,软件服务,浙江,2017-03-20
2787,华源包装,广告包装,江苏,2017-03-21
600462,石岘纸业,造纸,吉林,2017-03-23
600671,天目药业,中成药,浙江,2017-03-24
300109,新开源,化工原料,河南,2017-03-24
300235,方直科技,软件服务,深圳,2017-03-24
300465,高伟达,软件服务,北京,2017-03-27
2655,共达电声,元器件,山东,2017-03-27
2640,跨境通,服饰,山西,2017-03-28
300334,津膜科技,专用机械,天津,2017-03-29
2312,三泰控股,电脑设备,四川,2017-03-30
600734,实达集团,电脑设备,福建,2017-03-31
600388,龙净环保,专用机械,福建,2017-03-31
2721,金一文化,服饰,北京,2017-03-31
300413,快乐购,百货,湖南,2017-03-31
755,山西三维,化工原料,山西,2017-03-31
600050,中国联通,电信运营,上海,2017-03-31
4,国农科技,生物制药,深圳,2017-03-31
300100,双林股份,汽车服务,浙江,2017-03-31
600547,山东黄金,黄金,山东,2017-04-05
2642,荣之联,软件服务,北京,2017-04-07
600165,新日恒力,钢加工,宁夏,2017-04-07
300151,昌红科技,机械基件,深圳,2017-04-10
300265,通光线缆,电气设备,江苏,2017-04-10
760,斯太尔,汽车配件,湖北,2017-04-12
2625,龙生股份,汽车配件,浙江,2017-04-12
601801,皖新传媒,出版业,安徽,2017-04-12
300092,科新机电,专用机械,四川,2017-04-13
601169,北京银行,银行,北京,2017-04-13
889,茂业通信,通信设备,河北,2017-04-13
600643,爱建集团,多元金融,上海,2017-04-14
600097,开创国际,渔业,上海,2017-04-14
672,上峰水泥,水泥,甘肃,2017-04-14
300500,苏州设计,建筑施工,江苏,2017-04-14
600888,新疆众和,铝,新疆,2017-04-14
300104,乐视网,互联网,北京,2017-04-14
601069,西部黄金,黄金,新疆,2017-04-14
40,宝安地产,全国地产,深圳,2017-04-17
600696,匹凸匹,区域地产,上海,2017-04-17
300347,泰格医药,医疗保健,浙江,2017-04-17
812,陕西金叶,广告包装,陕西,2017-04-17
601608,中信重工,专用机械,河南,2017-04-18
300291,华录百纳,影视音像,北京,2017-04-18
600634,中技控股,其他建材,上海,2017-04-18
300089,文化长城,陶瓷,广东,2017-04-18
603128,华贸物流,仓储物流,上海,2017-04-18
2622,永大集团,电气设备,吉林,2017-04-19
300198,纳川股份,塑料,福建,2017-04-19
600773,西藏城投,区域地产,西藏,2017-04-19
710,天兴仪表,汽车配件,四川,2017-04-19
300047,天源迪科,软件服务,深圳,2017-04-19
300466,赛摩电气,电器仪表,江苏,2017-04-19
63,中兴通讯,通信设备,深圳,2017-04-19
629,攀钢钒钛,普钢,四川,2017-04-19
2650,加加食品,食品,湖南,2017-04-19
300168,万达信息,软件服务,上海,2017-04-19
300110,华仁药业,化学制药,山东,2017-04-19
923,河北宣工,工程机械,河北,2017-04-19
2684,猛狮科技,电气设备,广东,2017-04-19
300180,华峰超纤,化纤,上海,2017-04-19
300462,华铭智能,专用机械,上海,2017-04-20
600100,同方股份,电脑设备,北京,2017-04-20
100,TCL 集团,家用电器,广东,2017-04-20
600201,生物股份,生物制药,内蒙,2017-04-20
780,平庄能源,煤炭开采,内蒙,2017-04-20
2252,上海莱士,生物制药,上海,2017-04-20
2669,康达新材,化工原料,上海,2017-04-20
21,深科技,电脑设备,深圳,2017-04-20
600391,成发科技,航空,四川,2017-04-21
600389,江山股份,农药化肥,江苏,2017-04-21
600455,博通股份,软件服务,陕西,2017-04-21
600463,空港股份,园区开发,北京,2017-04-21
600390,金瑞科技,小金属,湖南,2017-04-21
600452,涪陵电力,火力发电,重庆,2017-04-21
600395,盘江股份,煤炭开采,贵州,2017-04-21
600392,盛和资源,小金属,山西,2017-04-21
600461,洪城水业,水务,江西,2017-04-21
600456,宝钛股份,小金属,陕西,2017-04-21
600393,东华实业,全国地产,广东,2017-04-21
600396,金山股份,火力发电,辽宁,2017-04-21
600460,士兰微,半导体,浙江,2017-04-21
600459,贵研铂业,小金属,云南,2017-04-21
600458,时代新材,塑料,湖南,2017-04-21
600397,安源煤业,煤炭开采,江西,2017-04-21
600398,海澜之家,服饰,江苏,2017-04-21
600399,抚顺特钢,特种钢,辽宁,2017-04-21
300412,迦南科技,医疗保健,浙江,2017-04-21
600467,好当家,渔业,山东,2017-04-21
600385,山东金泰,黄金,山东,2017-04-21
600362,江西铜业,铜,江西,2017-04-21
600478,科力远,元器件,湖南,2017-04-21
600479,千金药业,中成药,湖南,2017-04-21
600361,华联综超,超市连锁,北京,2017-04-21
600360,华微电子,半导体,吉林,2017-04-21
600359,新农开发,农业综合,新疆,2017-04-21
600480,凌云股份,汽车配件,河北,2017-04-21
600358,国旅联合,旅游服务,江苏,2017-04-21
600356,恒丰纸业,造纸,黑龙江,2017-04-21
600355,精伦电子,元器件,湖北,2017-04-21
600354,敦煌种业,种植业,甘肃,2017-04-21
600482,风帆股份,电气设备,河北,2017-04-21
600353,旭光股份,元器件,四川,2017-04-21
300463,迈克生物,化学制药,四川,2017-04-21
600352,浙江龙盛,染料涂料,浙江,2017-04-21
600351,亚宝药业,中成药,山西,2017-04-21
600350,山东高速,路桥,山东,2017-04-21
600348,阳泉煤业,煤炭开采,山西,2017-04-21
600346,大橡塑,化工机械,辽宁,2017-04-21
600345,长江通信,通信设备,湖北,2017-04-21
600343,航天动力,航空,陕西,2017-04-21
600363,联创光电,元器件,江西,2017-04-21
600386,北巴传媒,公共交通,北京,2017-04-21
600477,杭萧钢构,钢加工,浙江,2017-04-21
600366,宁波韵升,电器仪表,浙江,2017-04-21
600383,金地集团,全国地产,深圳,2017-04-21
600382,广东明珠,商贸代理,广东,2017-04-21
600381,青海春天,医疗保健,青海,2017-04-21
600380,健康元,化学制药,深圳,2017-04-21
600466,蓝光发展,区域地产,四川,2017-04-21
600401,*ST海润,半导体,江苏,2017-04-21
600468,百利电气,电气设备,天津,2017-04-21
600379,宝光股份,电气设备,陕西,2017-04-21
600378,天科股份,化工原料,四川,2017-04-21
600470,六国化工,农药化肥,安徽,2017-04-21
600377,宁沪高速,路桥,江苏,2017-04-21
600376,首开股份,区域地产,北京,2017-04-21
600475,华光股份,专用机械,江苏,2017-04-21
600373,中文传媒,出版业,江西,2017-04-21
600372,中航电子,航空,北京,2017-04-21
600371,万向德农,种植业,黑龙江,2017-04-21
600370,三房巷,纺织,江苏,2017-04-21
600476,湘邮科技,软件服务,湖南,2017-04-21
600369,西南证券,证券,重庆,2017-04-21
600368,五洲交通,路桥,广西,2017-04-21
600367,红星发展,化工原料,贵州,2017-04-21
600365,通葡股份,红黄药酒,吉林,2017-04-21
600403,大有能源,煤炭开采,河南,2017-04-21
300461,田中精机,专用机械,浙江,2017-04-21
600405,动力源,电气设备,北京,2017-04-21
300426,唐德影视,影视音像,浙江,2017-04-21
300427,红相电力,电气设备,福建,2017-04-21
300428,四通新材,铝,河北,2017-04-21
300429,强力新材,化工原料,江苏,2017-04-21
300430,诚益通,电器仪表,北京,2017-04-21
300431,暴风科技,互联网,北京,2017-04-21
300432,富临精工,汽车配件,四川,2017-04-21
300425,环能科技,专用机械,四川,2017-04-21
600433,冠豪高新,造纸,广东,2017-04-21
300433,蓝思科技,元器件,湖南,2017-04-21
300434,金石东方,专用机械,四川,2017-04-21
600436,片仔癀,中成药,福建,2017-04-21
600438,通威股份,饲料,四川,2017-04-21
300435,中泰股份,机械基件,浙江,2017-04-21
300436,广生堂,化学制药,福建,2017-04-21
300437,清水源,化工原料,河南,2017-04-21
600435,北方导航,专用机械,北京,2017-04-21
600439,瑞贝卡,服饰,河南,2017-04-21
300403,地尔汉宇,电气设备,广东,2017-04-21
300405,科隆精化,化工原料,辽宁,2017-04-21
300414,中光防雷,元器件,四川,2017-04-21
300411,金盾股份,专用机械,浙江,2017-04-21
300415,伊之密,专用机械,广东,2017-04-21
300416,苏试试验,电器仪表,江苏,2017-04-21
300417,南华仪器,电器仪表,广东,2017-04-21
300410,正业科技,电器仪表,广东,2017-04-21
300418,昆仑万维,互联网,北京,2017-04-21
300404,博济医药,医疗保健,广东,2017-04-21
300409,道氏技术,陶瓷,广东,2017-04-21
300420,五洋科技,机械基件,江苏,2017-04-21
300421,力星股份,机械基件,江苏,2017-04-21
300422,博世科,环境保护,广西,2017-04-21
300408,三环集团,元器件,广东,2017-04-21
300424,航新科技,航空,广东,2017-04-21
300407,凯发电气,电气设备,天津,2017-04-21
300406,九强生物,化学制药,北京,2017-04-21
300419,浩丰科技,软件服务,北京,2017-04-21
300438,鹏辉能源,电气设备,广东,2017-04-21
300439,美康生物,化学制药,浙江,2017-04-21
600444,*ST国通,塑料,安徽,2017-04-21
600432,吉恩镍业,小金属,吉林,2017-04-21
600429,三元股份,乳制品,北京,2017-04-21
600428,中远航运,水运,广东,2017-04-21
600426,华鲁恒升,农药化肥,山东,2017-04-21
600425,青松建化,水泥,新疆,2017-04-21
600423,柳化股份,农药化肥,广西,2017-04-21
600422,昆药集团,中成药,云南,2017-04-21
300460,惠伦晶体,元器件,广东,2017-04-21
600421,仰帆控股,机械基件,湖北,2017-04-21
600419,天润乳业,乳制品,新疆,2017-04-21
600418,江淮汽车,汽车整车,安徽,2017-04-21
600416,湘电股份,电气设备,湖南,2017-04-21
600415,小商品城,商品城,浙江,2017-04-21
600410,华胜天成,软件服务,北京,2017-04-21
600409,三友化工,化工原料,河北,2017-04-21
600408,安泰集团,焦炭加工,山西,2017-04-21
600420,现代制药,化学制药,上海,2017-04-21
300459,浙江金科,化工原料,浙江,2017-04-21
300458,全志科技,元器件,广东,2017-04-21
300457,赢合科技,专用机械,深圳,2017-04-21
600446,金证股份,软件服务,深圳,2017-04-21
600448,华纺股份,纺织,山东,2017-04-21
300441,鲍斯股份,机床制造,浙江,2017-04-21
300442,普丽盛,轻工机械,上海,2017-04-21
300443,金雷风电,专用机械,山东,2017-04-21
300444,双杰电气,电气设备,北京,2017-04-21
300445,康斯特,电器仪表,北京,2017-04-21
300446,乐凯新材,化工原料,河北,2017-04-21
300447,全信股份,电气设备,江苏,2017-04-21
300448,浩云科技,软件服务,广东,2017-04-21
300449,汉邦高科,电脑设备,北京,2017-04-21
300450,先导智能,专用机械,江苏,2017-04-21
300451,创业软件,软件服务,浙江,2017-04-21
300452,山河药辅,化学制药,安徽,2017-04-21
300453,三鑫医疗,医疗保健,江西,2017-04-21
300455,康拓红外,运输设备,北京,2017-04-21
300456,耐威科技,元器件,北京,2017-04-21
600449,宁夏建材,水泥,宁夏,2017-04-21
600340,华夏幸福,区域地产,河北,2017-04-21
600148,长春一东,汽车配件,吉林,2017-04-21
600338,西藏珠峰,铅锌,西藏,2017-04-21
600095,哈高科,区域地产,黑龙江,2017-04-21
600094,大名城,区域地产,上海,2017-04-21
600093,禾嘉股份,汽车配件,四川,2017-04-21
600091,ST明科,化工原料,内蒙,2017-04-21
600090,啤酒花,啤酒,新疆,2017-04-21
600089,特变电工,电气设备,新疆,2017-04-21
600096,云天化,农药化肥,云南,2017-04-21
600088,中视传媒,影视音像,上海,2017-04-21
600085,同仁堂,中成药,北京,2017-04-21
600084,中葡股份,红黄药酒,新疆,2017-04-21
600216,浙江医药,化学制药,浙江,2017-04-21
600217,秦岭水泥,水泥,陕西,2017-04-21
600218,全柴动力,农用机械,安徽,2017-04-21
600219,南山铝业,铝,山东,2017-04-21
600086,东方金钰,服饰,湖北,2017-04-21
600098,广州发展,火力发电,广东,2017-04-21
600099,林海股份,摩托车,江苏,2017-04-21
600101,明星电力,水力发电,四川,2017-04-21
600117,西宁特钢,特种钢,青海,2017-04-21
600116,三峡水利,水力发电,重庆,2017-04-21
600115,东方航空,空运,上海,2017-04-21
600114,东睦股份,机械基件,浙江,2017-04-21
600113,浙江东日,区域地产,浙江,2017-04-21
600112,天成控股,电气设备,贵州,2017-04-21
600111,北方稀土,小金属,内蒙,2017-04-21
600110,诺德股份,电气设备,吉林,2017-04-21
600109,国金证券,证券,四川,2017-04-21
600108,亚盛集团,农业综合,甘肃,2017-04-21
600107,美尔雅,服饰,湖北,2017-04-21
600106,重庆路桥,路桥,重庆,2017-04-21
600105,永鼎股份,通信设备,江苏,2017-04-21
600104,上汽集团,汽车整车,上海,2017-04-21
600103,青山纸业,造纸,福建,2017-04-21
600220,江苏阳光,纺织,江苏,2017-04-21
600118,中国卫星,航空,北京,2017-04-21
600221,海南航空,空运,海南,2017-04-21
600223,鲁商置业,区域地产,山东,2017-04-21
600067,冠城大通,全国地产,福建,2017-04-21
600066,宇通客车,汽车整车,河南,2017-04-21
600064,南京高科,园区开发,江苏,2017-04-21
600063,皖维高新,化纤,安徽,2017-04-21
600062,华润双鹤,化学制药,北京,2017-04-21
600061,国投安信,证券,上海,2017-04-21
600068,葛洲坝,建筑施工,湖北,2017-04-21
600060,海信电器,家用电器,山东,2017-04-21
600058,五矿发展,商贸代理,北京,2017-04-21
600057,象屿股份,仓储物流,福建,2017-04-21
600056,中国医药,医药商业,北京,2017-04-21
600055,华润万东,医疗保健,北京,2017-04-21
600054,黄山旅游,旅游景点,安徽,2017-04-21
600053,九鼎投资,区域地产,江西,2017-04-21
600059,古越龙山,红黄药酒,浙江,2017-04-21
600069,银鸽投资,造纸,河南,2017-04-21
600070,浙江富润,纺织,浙江,2017-04-21
600071,凤凰光学,文教休闲,江西,2017-04-21
600083,博信股份,建筑施工,广东,2017-04-21
600226,升华拜克,农药化肥,浙江,2017-04-21
600082,海泰发展,园区开发,天津,2017-04-21
600227,赤天化,农药化肥,贵州,2017-04-21
600081,东风科技,汽车配件,上海,2017-04-21
600080,金花股份,中成药,陕西,2017-04-21
600483,福能股份,火力发电,福建,2017-04-21
600079,人福医药,化学制药,湖北,2017-04-21
600078,澄星股份,化工原料,江苏,2017-04-21
600077,宋都股份,全国地产,浙江,2017-04-21
600076,康欣新材,通信设备,山东,2017-04-21
600075,新疆天业,化工原料,新疆,2017-04-21
600074,保千里,电脑设备,江苏,2017-04-21
600073,上海梅林,食品,上海,2017-04-21
600072,钢构工程,船舶,上海,2017-04-21
600222,太龙药业,中成药,河南,2017-04-21
600119,长江投资,仓储物流,上海,2017-04-21
600120,浙江东方,商贸代理,浙江,2017-04-21
600121,郑州煤电,煤炭开采,河南,2017-04-21
600171,上海贝岭,半导体,上海,2017-04-21
600172,黄河旋风,矿物制品,河南,2017-04-21
600175,美都能源,全国地产,浙江,2017-04-21
600176,中国巨石,玻璃,浙江,2017-04-21
600177,雅戈尔,服饰,浙江,2017-04-21
600178,东安动力,汽车配件,黑龙江,2017-04-21
600170,上海建工,建筑施工,上海,2017-04-21
600179,ST黑化,焦炭加工,黑龙江,2017-04-21
600182,S佳通,汽车配件,黑龙江,2017-04-21
600183,生益科技,元器件,广东,2017-04-21
600184,光电股份,玻璃,湖北,2017-04-21
600185,格力地产,区域地产,广东,2017-04-21
600186,莲花健康,食品,河南,2017-04-21
600187,国中水务,水务,黑龙江,2017-04-21
600180,瑞茂通,仓储物流,山东,2017-04-21
600169,太原重工,工程机械,山西,2017-04-21
600168,武汉控股,水务,湖北,2017-04-21
600167,联美控股,供气供热,辽宁,2017-04-21
600149,廊坊发展,综合类,河北,2017-04-21
600150,中国船舶,船舶,上海,2017-04-21
600152,维科精华,纺织,浙江,2017-04-21
600153,建发股份,商贸代理,福建,2017-04-21
600141,兴发集团,化工原料,湖北,2017-04-21
600155,宝硕股份,化工原料,河北,2017-04-21
600156,华升股份,纺织,湖南,2017-04-21
600157,永泰能源,煤炭开采,山西,2017-04-21
600158,中体产业,文教休闲,天津,2017-04-21
600159,大龙地产,区域地产,北京,2017-04-21
600160,巨化股份,化工原料,浙江,2017-04-21
600161,天坛生物,生物制药,北京,2017-04-21
600162,香江控股,全国地产,深圳,2017-04-21
600163,中闽能源,新型电力,福建,2017-04-21
600166,福田汽车,汽车整车,北京,2017-04-21
600188,兖州煤业,煤炭开采,山东,2017-04-21
600139,西部资源,铜,四川,2017-04-21
600189,吉林森工,林业,吉林,2017-04-21
600190,锦州港,港口,辽宁,2017-04-21
600212,江泉实业,综合类,山东,2017-04-21
600213,亚星客车,汽车整车,江苏,2017-04-21
600215,长春经开,园区开发,吉林,2017-04-21
600135,乐凯胶片,化工原料,河北,2017-04-21
600133,东湖高新,园区开发,湖北,2017-04-21
600132,重庆啤酒,啤酒,重庆,2017-04-21
600131,岷江水电,水力发电,四川,2017-04-21
600130,波导股份,通信设备,浙江,2017-04-21
600129,太极集团,中成药,重庆,2017-04-21
600128,弘业股份,商贸代理,江苏,2017-04-21
600127,金健米业,农业综合,湖南,2017-04-21
600126,杭钢股份,普钢,浙江,2017-04-21
600125,铁龙物流,铁路,辽宁,2017-04-21
600123,兰花科创,煤炭开采,山西,2017-04-21
600122,宏图高科,其他商业,江苏,2017-04-21
600211,西藏药业,中成药,西藏,2017-04-21
600052,浙江广厦,区域地产,浙江,2017-04-21
600210,紫江企业,广告包装,上海,2017-04-21
600208,新湖中宝,全国地产,浙江,2017-04-21
600191,华资实业,食品,内蒙,2017-04-21
600192,长城电工,电气设备,甘肃,2017-04-21
600193,创兴资源,普钢,上海,2017-04-21
600195,中牧股份,饲料,北京,2017-04-21
600196,复星医药,化学制药,上海,2017-04-21
600197,伊力特,白酒,新疆,2017-04-21
600138,中青旅,旅游服务,北京,2017-04-21
600198,大唐电信,通信设备,北京,2017-04-21
600199,金种子酒,白酒,安徽,2017-04-21
600200,江苏吴中,综合类,江苏,2017-04-21
600202,哈空调,电气设备,黑龙江,2017-04-21
600203,福日电子,元器件,福建,2017-04-21
600206,有研新材,半导体,北京,2017-04-21
600207,安彩高科,元器件,河南,2017-04-21
600137,浪莎股份,服饰,四川,2017-04-21
600209,罗顿发展,综合类,海南,2017-04-21
600339,天利高新,石油加工,新疆,2017-04-21
600051,宁波联合,综合类,浙江,2017-04-21
600039,四川路桥,建筑施工,四川,2017-04-21
600280,中央商场,百货,江苏,2017-04-21
600281,太化股份,化工原料,山西,2017-04-21
600282,南钢股份,普钢,江苏,2017-04-21
600283,钱江水利,水务,浙江,2017-04-21
600284,浦东建设,建筑施工,上海,2017-04-21
600285,羚锐制药,中成药,河南,2017-04-21
600279,重庆港九,港口,重庆,2017-04-21
600287,江苏舜天,商贸代理,江苏,2017-04-21
600289,亿阳信通,软件服务,黑龙江,2017-04-21
600290,华仪电气,电气设备,浙江,2017-04-21
600291,西水股份,保险,内蒙,2017-04-21
600292,中电远达,环境保护,重庆,2017-04-21
600295,鄂尔多斯,服饰,内蒙,2017-04-21
600297,广汇汽车,汽车服务,辽宁,2017-04-21
600288,大恒科技,软件服务,北京,2017-04-21
600278,东方创业,商贸代理,上海,2017-04-21
600276,恒瑞医药,化学制药,江苏,2017-04-21
600275,武昌鱼,农业综合,湖北,2017-04-21
300473,德尔股份,汽车配件,辽宁,2017-04-21
300471,厚普股份,专用机械,四川,2017-04-21
300470,日机密封,机械基件,四川,2017-04-21
600261,阳光照明,家用电器,浙江,2017-04-21
600262,北方股份,汽车整车,内蒙,2017-04-21
600265,ST景谷,林业,云南,2017-04-21
600266,北京城建,区域地产,北京,2017-04-21
600267,海正药业,化学制药,浙江,2017-04-21
600268,国电南自,电气设备,江苏,2017-04-21
600269,赣粤高速,路桥,江西,2017-04-21
600270,外运发展,仓储物流,北京,2017-04-21
600271,航天信息,电脑设备,北京,2017-04-21
600272,开开实业,服饰,上海,2017-04-21
600273,嘉化能源,化工原料,浙江,2017-04-21
300468,四方精创,软件服务,深圳,2017-04-21
600298,安琪酵母,食品,湖北,2017-04-21
300474,景嘉微,元器件,湖南,2017-04-21
600299,安迪苏,化工原料,北京,2017-04-21
600301,*ST南化,化工原料,广西,2017-04-21
600323,瀚蓝环境,水务,广东,2017-04-21
600325,华发股份,区域地产,广东,2017-04-21
600326,西藏天路,建筑施工,西藏,2017-04-21
600327,大东方,百货,江苏,2017-04-21
600328,兰太实业,化工原料,内蒙,2017-04-21
600329,中新药业,中成药,天津,2017-04-21
600322,天房发展,区域地产,天津,2017-04-21
600330,天通股份,元器件,浙江,2017-04-21
600332,白云山,中成药,广东,2017-04-21
600333,长春燃气,供气供热,吉林,2017-04-21
600335,国机汽车,汽车配件,天津,2017-04-21
600336,澳柯玛,家用电器,山东,2017-04-21
600337,美克家居,家居用品,新疆,2017-04-21
300464,星徽精密,机械基件,广东,2017-04-21
600331,宏达股份,铅锌,四川,2017-04-21
600321,国栋建设,其他建材,四川,2017-04-21
600320,振华重工,工程机械,上海,2017-04-21
600319,*ST亚星,化工原料,山东,2017-04-21
600302,标准股份,纺织机械,陕西,2017-04-21
600303,曙光股份,汽车整车,辽宁,2017-04-21
600305,恒顺醋业,食品,江苏,2017-04-21
600306,商业城,百货,辽宁,2017-04-21
600307,酒钢宏兴,普钢,甘肃,2017-04-21
600308,华泰股份,造纸,山东,2017-04-21
600309,万华化学,化工原料,山东,2017-04-21
600310,桂东电力,水力发电,广西,2017-04-21
600311,ST荣华,黄金,甘肃,2017-04-21
600312,平高电气,电气设备,河南,2017-04-21
600313,农发种业,种植业,北京,2017-04-21
600315,上海家化,日用化工,上海,2017-04-21
600316,洪都航空,航空,江西,2017-04-21
600317,营口港,港口,辽宁,2017-04-21
600318,巢东股份,水泥,安徽,2017-04-21
600300,维维股份,软饮料,江苏,2017-04-21
300475,聚隆科技,专用机械,安徽,2017-04-21
300476,胜宏科技,元器件,广东,2017-04-21
300477,合纵科技,电气设备,北京,2017-04-21
600229,城市传媒,出版业,山东,2017-04-21
600230,*ST沧大,农药化肥,河北,2017-04-21
600231,凌钢股份,普钢,辽宁,2017-04-21
600232,金鹰股份,纺织,浙江,2017-04-21
600233,大杨创世,服饰,辽宁,2017-04-21
600234,山水文化,文教休闲,山西,2017-04-21
600016,民生银行,银行,北京,2017-04-21
600235,民丰特纸,造纸,浙江,2017-04-21
600237,铜峰电子,元器件,安徽,2017-04-21
600238,海南椰岛,红黄药酒,海南,2017-04-21
600240,华业资本,全国地产,北京,2017-04-21
600241,时代万恒,商贸代理,辽宁,2017-04-21
600242,*ST中昌,水运,广东,2017-04-21
600243,青海华鼎,机床制造,青海,2017-04-21
600236,桂冠电力,水力发电,广西,2017-04-21
600017,日照港,港口,山东,2017-04-21
600018,上港集团,港口,上海,2017-04-21
600019,宝钢股份,普钢,上海,2017-04-21
600038,中直股份,航空,黑龙江,2017-04-21
600037,歌华有线,影视音像,北京,2017-04-21
600036,招商银行,银行,深圳,2017-04-21
600035,楚天高速,路桥,湖北,2017-04-21
600033,福建高速,路桥,福建,2017-04-21
600031,三一重工,工程机械,湖南,2017-04-21
600030,中信证券,证券,深圳,2017-04-21
600029,南方航空,空运,广东,2017-04-21
600028,中国石化,石油加工,北京,2017-04-21
600027,华电国际,火力发电,山东,2017-04-21
600026,中海发展,水运,上海,2017-04-21
600023,浙能电力,火力发电,浙江,2017-04-21
600022,山东钢铁,普钢,山东,2017-04-21
600021,上海电力,火力发电,上海,2017-04-21
600020,中原高速,路桥,河南,2017-04-21
600246,万通地产,区域地产,北京,2017-04-21
600247,*ST成城,商贸代理,吉林,2017-04-21
600248,延长化建,建筑施工,陕西,2017-04-21
600249,两面针,日用化工,广西,2017-04-21
300496,中科创达,软件服务,北京,2017-04-21
300495,美尚生态,建筑施工,江苏,2017-04-21
300494,盛天网络,互联网,湖北,2017-04-21
300493,润欣科技,通信设备,上海,2017-04-21
300492,山鼎设计,建筑施工,四川,2017-04-21
300491,通合科技,电气设备,河北,2017-04-21
300489,中飞股份,铝,黑龙江,2017-04-21
300488,恒锋工具,机械基件,浙江,2017-04-21
300487,蓝晓科技,化工原料,陕西,2017-04-21
300485,赛升药业,生物制药,北京,2017-04-21
300484,蓝海华腾,电气设备,深圳,2017-04-21
300483,沃施股份,专用机械,上海,2017-04-21
300482,万孚生物,生物制药,广东,2017-04-21
300481,濮阳惠成,化工原料,河南,2017-04-21
300480,光力科技,电器仪表,河南,2017-04-21
300497,富祥股份,化学制药,江西,2017-04-21
600048,保利地产,全国地产,广东,2017-04-21
300498,温氏股份,农业综合,广东,2017-04-21
300501,海顺新材,广告包装,上海,2017-04-21
600250,南纺股份,商贸代理,江苏,2017-04-21
600004,白云机场,机场,广东,2017-04-21
600251,冠农股份,农业综合,新疆,2017-04-21
600252,中恒集团,中成药,广西,2017-04-21
600255,鑫科材料,铜,安徽,2017-04-21
600256,广汇能源,综合类,新疆,2017-04-21
600257,大湖股份,渔业,湖南,2017-04-21
600258,首旅酒店,酒店餐饮,北京,2017-04-21
600000,浦发银行,银行,上海,2017-04-21
600259,广晟有色,小金属,海南,2017-04-21
600260,凯乐科技,白酒,湖北,2017-04-21
300506,名家汇,建筑施工,深圳,2017-04-21
300505,川金诺,化工原料,云南,2017-04-21
300503,昊志机电,机械基件,广东,2017-04-21
300502,新易盛,通信设备,四川,2017-04-21
300499,高澜股份,专用机械,广东,2017-04-21
600293,三峡新材,玻璃,湖北,2017-04-21
600599,熊猫金控,日用化工,湖南,2017-04-21
600487,亨通光电,通信设备,江苏,2017-04-21
601000,唐山港,港口,河北,2017-04-21
600999,招商证券,证券,深圳,2017-04-21
600998,九州通,医药商业,湖北,2017-04-21
600997,开滦股份,煤炭开采,河北,2017-04-21
600995,文山电力,水力发电,云南,2017-04-21
600993,马应龙,中成药,湖北,2017-04-21
600992,贵绳股份,钢加工,贵州,2017-04-21
600990,四创电子,通信设备,安徽,2017-04-21
600988,赤峰黄金,黄金,内蒙,2017-04-21
600987,航民股份,纺织,浙江,2017-04-21
600986,科达股份,建筑施工,山东,2017-04-21
600985,雷鸣科化,化工原料,安徽,2017-04-21
600984,*ST建机,工程机械,陕西,2017-04-21
600983,惠而浦,家用电器,安徽,2017-04-21
601001,大同煤业,煤炭开采,山西,2017-04-21
600982,宁波热电,供气供热,浙江,2017-04-21
600980,北矿磁材,元器件,北京,2017-04-21
600979,广安爱众,水力发电,四川,2017-04-21
600978,宜华木业,家居用品,广东,2017-04-21
600976,健民集团,中成药,湖北,2017-04-21
600975,新五丰,农业综合,湖南,2017-04-21
600973,宝胜股份,电气设备,江苏,2017-04-21
600971,恒源煤电,煤炭开采,安徽,2017-04-21
600970,中材国际,建筑施工,江苏,2017-04-21
600969,郴电国际,水力发电,湖南,2017-04-21
600967,北方创业,运输设备,内蒙,2017-04-21
600966,博汇纸业,造纸,山东,2017-04-21
600965,福成五丰,农业综合,河北,2017-04-21
600963,岳阳林纸,造纸,湖南,2017-04-21
600962,*ST中鲁,软饮料,北京,2017-04-21
600981,汇鸿集团,商贸代理,江苏,2017-04-21
601002,晋亿实业,机械基件,浙江,2017-04-21
601003,柳钢股份,普钢,广西,2017-04-21
601006,大秦铁路,铁路,山西,2017-04-21
601166,兴业银行,银行,福建,2017-04-21
601158,重庆水务,水务,重庆,2017-04-21
601155,新城控股,区域地产,江苏,2017-04-21
601139,深圳燃气,供气供热,深圳,2017-04-21
601137,博威合金,铜,浙江,2017-04-21
601126,四方股份,电气设备,北京,2017-04-21
601118,海南橡胶,橡胶,海南,2017-04-21
601117,中国化学,建筑施工,北京,2017-04-21
601116,三江购物,超市连锁,浙江,2017-04-21
601111,中国国航,空运,北京,2017-04-21
601107,四川成渝,路桥,四川,2017-04-21
601106,中国一重,工程机械,黑龙江,2017-04-21
601101,昊华能源,煤炭开采,北京,2017-04-21
601100,恒立液压,工程机械,江苏,2017-04-21
601099,太平洋,证券,云南,2017-04-21
601098,中南传媒,出版业,湖南,2017-04-21
601088,中国神华,煤炭开采,北京,2017-04-21
601007,金陵饭店,酒店餐饮,江苏,2017-04-21
601008,连云港,港口,江苏,2017-04-21
601009,南京银行,银行,江苏,2017-04-21
601010,文峰股份,超市连锁,江苏,2017-04-21
601011,宝泰隆,焦炭加工,黑龙江,2017-04-21
601012,隆基股份,半导体,陕西,2017-04-21
600961,株冶集团,铅锌,湖南,2017-04-21
601015,陕西黑猫,焦炭加工,陕西,2017-04-21
601018,宁波港,港口,浙江,2017-04-21
601020,华钰矿业,铅锌,西藏,2017-04-21
601021,春秋航空,空运,上海,2017-04-21
601028,玉龙股份,钢加工,江苏,2017-04-21
601038,一拖股份,农用机械,河南,2017-04-21
601058,赛轮金宇,汽车配件,山东,2017-04-21
601016,节能风电,新型电力,北京,2017-04-21
601168,西部矿业,铜,青海,2017-04-21
600960,渤海活塞,汽车配件,山东,2017-04-21
600958,东方证券,证券,上海,2017-04-21
600862,南通科技,全国地产,江苏,2017-04-21
600861,北京城乡,百货,北京,2017-04-21
600860,京城股份,专用机械,北京,2017-04-21
600858,银座股份,百货,山东,2017-04-21
600857,宁波中百,百货,浙江,2017-04-21
600856,中天能源,供气供热,吉林,2017-04-21
600854,春兰股份,家用电器,江苏,2017-04-21
600853,龙建股份,建筑施工,黑龙江,2017-04-21
600851,海欣股份,纺织,上海,2017-04-21
600850,华东电脑,电脑设备,上海,2017-04-21
600848,上海临港,园区开发,上海,2017-04-21
600847,万里股份,电气设备,重庆,2017-04-21
600846,同济科技,综合类,上海,2017-04-21
600845,宝信软件,软件服务,上海,2017-04-21
600863,内蒙华电,火力发电,内蒙,2017-04-21
600844,丹化科技,化工原料,上海,2017-04-21
600841,上柴股份,机械基件,上海,2017-04-21
600839,四川长虹,家用电器,四川,2017-04-21
600838,上海九百,百货,上海,2017-04-21
600837,海通证券,证券,上海,2017-04-21
600836,界龙实业,广告包装,上海,2017-04-21
600835,上海机电,运输设备,上海,2017-04-21
600833,第一医药,医药商业,上海,2017-04-21
600831,广电网络,影视音像,陕西,2017-04-21
600830,香溢融通,多元金融,浙江,2017-04-21
600829,人民同泰,医药商业,黑龙江,2017-04-21
600828,茂业商业,百货,四川,2017-04-21
600827,百联股份,超市连锁,上海,2017-04-21
600826,兰生股份,商贸代理,上海,2017-04-21
600825,新华传媒,出版业,上海,2017-04-21
600843,上工申贝,纺织机械,上海,2017-04-21
600864,哈投股份,火力发电,黑龙江,2017-04-21
600865,百大集团,百货,浙江,2017-04-21
600866,星湖科技,食品,广东,2017-04-21
600917,重庆燃气,供气供热,重庆,2017-04-21
600900,长江电力,水力发电,北京,2017-04-21
600898,三联商社,电器连锁,山东,2017-04-21
600897,厦门空港,机场,福建,2017-04-21
600896,中海海盛,水运,海南,2017-04-21
600895,张江高科,园区开发,上海,2017-04-21
600894,广日股份,运输设备,广东,2017-04-21
600893,中航动力,航空,陕西,2017-04-21
600892,宝诚股份,综合类,深圳,2017-04-21
600891,秋林集团,百货,黑龙江,2017-04-21
600889,南京化纤,化纤,江苏,2017-04-21
600887,伊利股份,乳制品,内蒙,2017-04-21
600886,国投电力,水力发电,北京,2017-04-21
600885,宏发股份,电气设备,湖北,2017-04-21
600884,杉杉股份,服饰,浙江,2017-04-21
600883,博闻科技,水泥,云南,2017-04-21
600882,华联矿业,普钢,山东,2017-04-21
600867,通化东宝,生物制药,吉林,2017-04-21
600868,梅雁吉祥,水力发电,广东,2017-04-21
600869,智慧能源,电气设备,青海,2017-04-21
600870,*ST厦华,家用电器,福建,2017-04-21
600871,石化油服,石油开采,北京,2017-04-21
600872,中炬高新,食品,广东,2017-04-21
600959,江苏有线,影视音像,江苏,2017-04-21
600873,梅花生物,食品,西藏,2017-04-21
600875,东方电气,电气设备,四川,2017-04-21
600876,洛阳玻璃,玻璃,河南,2017-04-21
600877,中国嘉陵,摩托车,重庆,2017-04-21
600879,航天电子,航空,湖北,2017-04-21
600880,博瑞传播,广告包装,四川,2017-04-21
600881,亚泰集团,水泥,吉林,2017-04-21
600874,创业环保,环境保护,天津,2017-04-21
600824,益民集团,百货,上海,2017-04-21
601177,杭齿前进,机械基件,浙江,2017-04-21
601186,中国铁建,建筑施工,北京,2017-04-21
603002,宏昌电子,化工原料,广东,2017-04-21
603001,奥康国际,服饰,浙江,2017-04-21
603000,人民网,互联网,北京,2017-04-21
601999,出版传媒,出版业,辽宁,2017-04-21
601998,中信银行,银行,北京,2017-04-21
601996,丰林集团,林业,广西,2017-04-21
601992,金隅股份,水泥,北京,2017-04-21
601991,大唐发电,火力发电,北京,2017-04-21
601989,中国重工,船舶,北京,2017-04-21
601988,中国银行,银行,北京,2017-04-21
601985,中国核电,新型电力,北京,2017-04-21
601969,海南矿业,普钢,海南,2017-04-21
601968,宝钢包装,广告包装,上海,2017-04-21
601965,中国汽研,汽车服务,重庆,2017-04-21
603003,龙宇燃油,石油贸易,上海,2017-04-21
601958,金钼股份,小金属,陕西,2017-04-21
601933,永辉超市,超市连锁,福建,2017-04-21
601929,吉视传媒,影视音像,吉林,2017-04-21
601928,凤凰传媒,出版业,江苏,2017-04-21
601919,中国远洋,水运,天津,2017-04-21
601918,国投新集,煤炭开采,安徽,2017-04-21
601908,京运通,半导体,北京,2017-04-21
601901,方正证券,证券,湖南,2017-04-21
601900,南方传媒,出版业,广东,2017-04-21
601899,紫金矿业,黄金,福建,2017-04-21
601898,中煤能源,煤炭开采,北京,2017-04-21
601890,亚星锚链,船舶,江苏,2017-04-21
601888,中国国旅,旅游服务,北京,2017-04-21
601886,江河创建,装修装饰,北京,2017-04-21
601880,大连港,港口,辽宁,2017-04-21
601939,建设银行,银行,北京,2017-04-21
603005,晶方科技,半导体,江苏,2017-04-21
603006,联明股份,汽车配件,上海,2017-04-21
603008,喜临门,家居用品,浙江,2017-04-21
603168,莎普爱思,化学制药,浙江,2017-04-21
603167,渤海轮渡,水运,山东,2017-04-21
603166,福达股份,汽车配件,广西,2017-04-21
603158,腾龙股份,汽车配件,江苏,2017-04-21
603126,中材节能,环境保护,天津,2017-04-21
603123,翠微股份,百货,北京,2017-04-21
603118,共进股份,通信设备,深圳,2017-04-21
603117,万林股份,仓储物流,江苏,2017-04-21
603116,红蜻蜓,服饰,浙江,2017-04-21
603100,川仪股份,电器仪表,重庆,2017-04-21
603099,长白山,旅游服务,吉林,2017-04-21
603088,宁波精达,专用机械,浙江,2017-04-21
603085,天成自控,专用机械,浙江,2017-04-21
603077,和邦生物,化工原料,四川,2017-04-21
603066,音飞储存,专用机械,江苏,2017-04-21
603030,全筑股份,装修装饰,上海,2017-04-21
603028,赛福天,钢加工,江苏,2017-04-21
603009,北特科技,汽车配件,上海,2017-04-21
603011,合锻股份,机床制造,安徽,2017-04-21
603012,创力集团,专用机械,上海,2017-04-21
603015,弘讯科技,电气设备,浙江,2017-04-21
603017,中衡设计,建筑施工,江苏,2017-04-21
603018,设计股份,建筑施工,江苏,2017-04-21
601877,正泰电器,电气设备,浙江,2017-04-21
603019,中科曙光,电脑设备,天津,2017-04-21
603021,山东华鹏,玻璃,山东,2017-04-21
603022,新通联,广告包装,上海,2017-04-21
603023,威帝股份,汽车配件,黑龙江,2017-04-21
603025,大豪科技,电脑设备,北京,2017-04-21
603026,石大胜华,化工原料,山东,2017-04-21
603027,千禾味业,食品,四川,2017-04-21
603020,爱普股份,食品,上海,2017-04-21
601179,中国西电,电气设备,陕西,2017-04-21
601872,招商轮船,水运,上海,2017-04-21
601857,中国石油,石油开采,北京,2017-04-21
601518,吉林高速,路桥,吉林,2017-04-21
601515,东风股份,广告包装,广东,2017-04-21
601398,工商银行,银行,北京,2017-04-21
601390,中国中铁,建筑施工,北京,2017-04-21
601388,怡球资源,铝,江苏,2017-04-21
601377,兴业证券,证券,福建,2017-04-21
601369,陕鼓动力,机械基件,陕西,2017-04-21
601368,绿城水务,水务,广西,2017-04-21
601339,百隆东方,纺织,浙江,2017-04-21
601336,新华保险,保险,北京,2017-04-21
601333,广深铁路,铁路,深圳,2017-04-21
601328,交通银行,银行,上海,2017-04-21
601318,中国平安,保险,深圳,2017-04-21
601313,江南嘉捷,运输设备,江苏,2017-04-21
601519,大智慧,软件服务,上海,2017-04-21
601311,骆驼股份,电气设备,湖北,2017-04-21
601258,庞大集团,汽车服务,河北,2017-04-21
601238,广汽集团,汽车整车,广东,2017-04-21
601233,桐昆股份,化纤,浙江,2017-04-21
601231,环旭电子,元器件,上海,2017-04-21
601226,华电重工,专用机械,北京,2017-04-21
601225,陕西煤业,煤炭开采,陕西,2017-04-21
601222,林洋能源,电器仪表,江苏,2017-04-21
601218,吉鑫科技,机械基件,江苏,2017-04-21
601216,君正集团,化工原料,内蒙,2017-04-21
601211,国泰君安,证券,上海,2017-04-21
601208,东材科技,化工原料,四川,2017-04-21
601199,江南水务,水务,江苏,2017-04-21
601198,东兴证券,证券,北京,2017-04-21
601188,龙江交通,路桥,黑龙江,2017-04-21
601288,农业银行,银行,北京,2017-04-21
601555,东吴证券,证券,江苏,2017-04-21
601558,华锐风电,电气设备,北京,2017-04-21
601566,九牧王,服饰,福建,2017-04-21
601818,光大银行,银行,北京,2017-04-21
601808,中海油服,石油开采,天津,2017-04-21
601800,中国交建,建筑施工,北京,2017-04-21
601799,星宇股份,汽车配件,江苏,2017-04-21
601798,蓝科高新,化工机械,甘肃,2017-04-21
601789,宁波建工,建筑施工,浙江,2017-04-21
601788,光大证券,证券,上海,2017-04-21
601777,力帆股份,摩托车,重庆,2017-04-21
601766,中国中车,运输设备,北京,2017-04-21
601718,际华集团,服饰,北京,2017-04-21
601717,郑煤机,工程机械,河南,2017-04-21
601699,潞安环能,煤炭开采,山西,2017-04-21
601689,拓普集团,汽车配件,浙江,2017-04-21
601688,华泰证券,证券,江苏,2017-04-21
601678,滨化股份,化工原料,山东,2017-04-21
601677,明泰铝业,铝,河南,2017-04-21
601669,中国电建,建筑施工,北京,2017-04-21
601567,三星医疗,电器仪表,浙江,2017-04-21
601579,会稽山,红黄药酒,浙江,2017-04-21
601588,北辰实业,区域地产,北京,2017-04-21
601599,鹿港科技,纺织,江苏,2017-04-21
601600,中国铝业,铝,北京,2017-04-21
601601,中国太保,保险,上海,2017-04-21
601866,中海集运,水运,上海,2017-04-21
601607,上海医药,医药商业,上海,2017-04-21
601618,中国中冶,建筑施工,北京,2017-04-21
601628,中国人寿,保险,北京,2017-04-21
601633,长城汽车,汽车整车,河北,2017-04-21
601636,旗滨集团,玻璃,湖南,2017-04-21
601666,平煤股份,煤炭开采,河南,2017-04-21
601668,中国建筑,建筑施工,北京,2017-04-21
601616,广电电气,电气设备,上海,2017-04-21
600823,世茂股份,全国地产,上海,2017-04-21
600822,上海物贸,商贸代理,上海,2017-04-21
600821,津劝业,百货,天津,2017-04-21
600608,*ST沪科,通信设备,上海,2017-04-21
600606,绿地控股,房产服务,上海,2017-04-21
600605,汇通能源,商贸代理,上海,2017-04-21
600604,市北高新,园区开发,上海,2017-04-21
600603,*ST兴业,综合类,福建,2017-04-21
600601,方正科技,电脑设备,上海,2017-04-21
600600,青岛啤酒,啤酒,山东,2017-04-21
300402,宝色股份,专用机械,江苏,2017-04-21
600598,北大荒,种植业,黑龙江,2017-04-21
600597,光明乳业,乳制品,上海,2017-04-21
600596,新安股份,农药化肥,浙江,2017-04-21
600595,中孚实业,铝,河南,2017-04-21
600594,益佰制药,中成药,贵州,2017-04-21
600593,大连圣亚,旅游景点,辽宁,2017-04-21
600610,中毅达,建筑施工,上海,2017-04-21
600592,龙溪股份,机械基件,福建,2017-04-21
600588,用友网络,软件服务,北京,2017-04-21
600587,新华医疗,医疗保健,山东,2017-04-21
600586,金晶科技,玻璃,山东,2017-04-21
600585,海螺水泥,水泥,安徽,2017-04-21
600584,长电科技,半导体,江苏,2017-04-21
600583,海油工程,石油开采,天津,2017-04-21
600582,天地科技,工程机械,北京,2017-04-21
600581,*ST八钢,普钢,新疆,2017-04-21
600580,卧龙电气,电气设备,浙江,2017-04-21
600579,天华院,化工机械,山东,2017-04-21
600578,京能电力,火力发电,北京,2017-04-21
600577,精达股份,电气设备,安徽,2017-04-21
600576,万家文化,影视音像,浙江,2017-04-21
600575,皖江物流,水运,安徽,2017-04-21
600589,广东榕泰,塑料,广东,2017-04-21
600611,大众交通,公共交通,上海,2017-04-21
600612,老凤祥,服饰,上海,2017-04-21
600613,神奇制药,中成药,上海,2017-04-21
600653,申华控股,汽车服务,上海,2017-04-21
600652,游久游戏,互联网,上海,2017-04-21
600651,飞乐音响,电器仪表,上海,2017-04-21
600650,锦江投资,公共交通,上海,2017-04-21
600649,城投控股,区域地产,上海,2017-04-21
600648,外高桥,园区开发,上海,2017-04-21
600647,同达创业,综合类,上海,2017-04-21
600644,乐山电力,水力发电,四川,2017-04-21
600642,申能股份,火力发电,上海,2017-04-21
600641,万业企业,区域地产,上海,2017-04-21
600640,号百控股,酒店餐饮,上海,2017-04-21
600639,浦东金桥,园区开发,上海,2017-04-21
600638,新黄浦,区域地产,上海,2017-04-21
600637,东方明珠,影视音像,上海,2017-04-21
600635,大众公用,供气供热,上海,2017-04-21
600633,浙报传媒,出版业,浙江,2017-04-21
600630,龙头股份,纺织,上海,2017-04-21
600614,鼎立股份,综合类,上海,2017-04-21
600615,丰华股份,小金属,上海,2017-04-21
600616,金枫酒业,红黄药酒,上海,2017-04-21
600617,国新能源,供气供热,山西,2017-04-21
600618,氯碱化工,化工原料,上海,2017-04-21
600619,海立股份,机械基件,上海,2017-04-21
600573,惠泉啤酒,啤酒,福建,2017-04-21
600620,天宸股份,综合类,上海,2017-04-21
600622,嘉宝集团,区域地产,上海,2017-04-21
600623,双钱股份,汽车配件,上海,2017-04-21
600624,复旦复华,综合类,上海,2017-04-21
600626,申达股份,纺织,上海,2017-04-21
600628,新世界,百货,上海,2017-04-21
600629,华建集团,建筑施工,上海,2017-04-21
600621,华鑫股份,全国地产,上海,2017-04-21
600658,电子城,园区开发,北京,2017-04-21
600572,康恩贝,中成药,浙江,2017-04-21
600570,恒生电子,软件服务,浙江,2017-04-21
600522,中天科技,通信设备,江苏,2017-04-21
600521,华海药业,化学制药,浙江,2017-04-21
600520,中发科技,机械基件,安徽,2017-04-21
600519,贵州茅台,白酒,贵州,2017-04-21
600518,康美药业,中成药,广东,2017-04-21
600517,置信电气,电气设备,上海,2017-04-21
600516,方大炭素,矿物制品,甘肃,2017-04-21
600515,海航基础,百货,海南,2017-04-21
600513,联环药业,化学制药,江苏,2017-04-21
600512,腾达建设,建筑施工,浙江,2017-04-21
600511,国药股份,医药商业,北京,2017-04-21
600510,黑牡丹,全国地产,江苏,2017-04-21
600509,天富能源,火力发电,新疆,2017-04-21
600508,上海能源,煤炭开采,上海,2017-04-21
600523,贵航股份,汽车配件,贵州,2017-04-21
600507,方大特钢,特种钢,江西,2017-04-21
600505,西昌电力,水力发电,四川,2017-04-21
600503,华丽家族,区域地产,上海,2017-04-21
600502,安徽水利,建筑施工,安徽,2017-04-21
600501,航天晨光,汽车配件,江苏,2017-04-21
600500,中化国际,商贸代理,上海,2017-04-21
600499,科达洁能,专用机械,广东,2017-04-21
600498,烽火通信,通信设备,湖北,2017-04-21
600497,驰宏锌锗,铅锌,云南,2017-04-21
600496,精工钢构,钢加工,安徽,2017-04-21
600495,晋西车轴,运输设备,山西,2017-04-21
600493,凤竹纺织,纺织,福建,2017-04-21
600491,龙元建设,建筑施工,浙江,2017-04-21
600489,中金黄金,黄金,北京,2017-04-21
600488,天药股份,化学制药,天津,2017-04-21
600506,香梨股份,种植业,新疆,2017-04-21
600525,长园集团,电气设备,深圳,2017-04-21
600526,菲达环保,专用机械,浙江,2017-04-21
600527,江南高纤,化纤,江苏,2017-04-21
600569,安阳钢铁,普钢,河南,2017-04-21
600568,中珠控股,区域地产,湖北,2017-04-21
600567,山鹰纸业,造纸,安徽,2017-04-21
600566,济川药业,中成药,湖北,2017-04-21
600565,迪马股份,全国地产,重庆,2017-04-21
600563,法拉电子,元器件,福建,2017-04-21
600562,国睿科技,通信设备,江苏,2017-04-21
600561,江西长运,公路,江西,2017-04-21
600560,金自天正,电气设备,北京,2017-04-21
600558,大西洋,钢加工,四川,2017-04-21
600557,康缘药业,中成药,江苏,2017-04-21
600555,海航创新,旅游景点,上海,2017-04-21
600552,方兴科技,玻璃,安徽,2017-04-21
600550,保变电气,电气设备,河北,2017-04-21
600549,厦门钨业,小金属,福建,2017-04-21
600548,深高速,路桥,深圳,2017-04-21
600546,山煤国际,煤炭开采,山西,2017-04-21
600528,中铁二局,建筑施工,四川,2017-04-21
600529,山东药玻,玻璃,山东,2017-04-21
600530,交大昂立,医疗保健,上海,2017-04-21
600531,豫光金铅,铅锌,河南,2017-04-21
600532,宏达矿业,普钢,山东,2017-04-21
600533,栖霞建设,区域地产,江苏,2017-04-21
600571,信雅达,软件服务,浙江,2017-04-21
600535,天士力,中成药,天津,2017-04-21
600537,亿晶光电,半导体,浙江,2017-04-21
600538,国发股份,农药化肥,广西,2017-04-21
600539,*ST狮头,水泥,山西,2017-04-21
600540,新赛股份,种植业,新疆,2017-04-21
600543,莫高股份,红黄药酒,甘肃,2017-04-21
600545,新疆城建,建筑施工,新疆,2017-04-21
600536,中国软件,软件服务,北京,2017-04-21
600660,福耀玻璃,汽车配件,福建,2017-04-21
600661,新南洋,文教休闲,上海,2017-04-21
600662,强生控股,公共交通,上海,2017-04-21
600780,通宝能源,火力发电,山西,2017-04-21
600779,*ST水井,白酒,四川,2017-04-21
600778,友好集团,百货,新疆,2017-04-21
600777,新潮实业,综合类,山东,2017-04-21
600776,东方通信,通信设备,浙江,2017-04-21
600775,南京熊猫,通信设备,江苏,2017-04-21
600774,汉商集团,百货,湖北,2017-04-21
600771,广誉远,中成药,青海,2017-04-21
600770,综艺股份,综合类,江苏,2017-04-21
600769,祥龙电业,火力发电,湖北,2017-04-21
600768,宁波富邦,铝,浙江,2017-04-21
600767,运盛医疗,医疗保健,上海,2017-04-21
600766,园城黄金,黄金,山东,2017-04-21
600765,中航重机,机械基件,贵州,2017-04-21
600781,辅仁药业,中成药,河南,2017-04-21
600764,中电广通,通信设备,北京,2017-04-21
600761,安徽合力,工程机械,安徽,2017-04-21
600760,中航黑豹,汽车整车,山东,2017-04-21
600759,洲际油气,石油开采,海南,2017-04-21
600758,红阳能源,供气供热,辽宁,2017-04-21
600757,长江传媒,出版业,湖北,2017-04-21
600756,浪潮软件,软件服务,山东,2017-04-21
600755,厦门国贸,商贸代理,福建,2017-04-21
600754,锦江股份,酒店餐饮,上海,2017-04-21
600753,东方银星,批发业,河南,2017-04-21
600751,天海投资,水运,天津,2017-04-21
600750,江中药业,中成药,江西,2017-04-21
600749,西藏旅游,旅游景点,西藏,2017-04-21
600748,上实发展,全国地产,上海,2017-04-21
600747,大连控股,元器件,辽宁,2017-04-21
600763,通策医疗,医疗保健,浙江,2017-04-21
600782,新钢股份,钢加工,江西,2017-04-21
600783,鲁信创投,矿物制品,山东,2017-04-21
600784,鲁银投资,普钢,山东,2017-04-21
600820,隧道股份,建筑施工,上海,2017-04-21
600819,耀皮玻璃,玻璃,上海,2017-04-21
600818,中路股份,文教休闲,上海,2017-04-21
600817,ST宏盛,半导体,上海,2017-04-21
600816,安信信托,多元金融,上海,2017-04-21
600815,厦工股份,工程机械,福建,2017-04-21
600814,杭州解百,百货,浙江,2017-04-21
600812,华北制药,化学制药,河北,2017-04-21
600811,东方集团,综合类,黑龙江,2017-04-21
600810,神马股份,化纤,河南,2017-04-21
600809,山西汾酒,白酒,山西,2017-04-21
600808,马钢股份,普钢,安徽,2017-04-21
600806,*ST昆机,机床制造,云南,2017-04-21
600805,悦达投资,综合类,江苏,2017-04-21
600804,鹏博士,电信运营,四川,2017-04-21
600803,新奥股份,农药化肥,河北,2017-04-21
600802,福建水泥,水泥,福建,2017-04-21
600785,新华百货,百货,宁夏,2017-04-21
600787,中储股份,仓储物流,天津,2017-04-21
600789,鲁抗医药,化学制药,山东,2017-04-21
600790,轻纺城,商品城,浙江,2017-04-21
600791,京能置业,全国地产,北京,2017-04-21
600792,云煤能源,焦炭加工,云南,2017-04-21
600746,江苏索普,化工原料,江苏,2017-04-21
600793,ST宜纸,造纸,四川,2017-04-21
600795,国电电力,火力发电,辽宁,2017-04-21
600796,钱江生化,农药化肥,浙江,2017-04-21
600797,浙大网新,软件服务,浙江,2017-04-21
600798,宁波海运,水运,浙江,2017-04-21
600800,天津磁卡,综合类,天津,2017-04-21
600801,华新水泥,水泥,湖北,2017-04-21
600794,保税科技,仓储物流,江苏,2017-04-21
600745,中茵股份,区域地产,湖北,2017-04-21
600744,华银电力,火力发电,湖南,2017-04-21
600743,华远地产,区域地产,北京,2017-04-21
600699,均胜电子,汽车配件,浙江,2017-04-21
600698,湖南天雁,汽车配件,湖南,2017-04-21
600697,欧亚集团,百货,吉林,2017-04-21
600695,绿庭投资,多元金融,上海,2017-04-21
600694,大商股份,百货,辽宁,2017-04-21
600693,东百集团,百货,福建,2017-04-21
600692,亚通股份,水运,上海,2017-04-21
600691,*ST阳化,农药化肥,四川,2017-04-21
600690,青岛海尔,家用电器,山东,2017-04-21
600689,上海三毛,纺织,上海,2017-04-21
600688,上海石化,石油加工,上海,2017-04-21
600687,刚泰控股,综合类,甘肃,2017-04-21
600686,金龙汽车,汽车整车,福建,2017-04-21
600685,中船防务,船舶,广东,2017-04-21
600684,珠江实业,全国地产,广东,2017-04-21
600683,京投银泰,区域地产,浙江,2017-04-21
600682,南京新百,百货,江苏,2017-04-21
600663,陆家嘴,园区开发,上海,2017-04-21
600664,哈药股份,化学制药,黑龙江,2017-04-21
600665,天地源,全国地产,上海,2017-04-21
600666,奥瑞德,元器件,重庆,2017-04-21
600667,太极实业,半导体,江苏,2017-04-21
600668,尖峰集团,水泥,浙江,2017-04-21
600701,工大高新,综合类,黑龙江,2017-04-21
600674,川投能源,火力发电,四川,2017-04-21
600676,交运股份,公共交通,上海,2017-04-21
600677,航天通信,通信设备,浙江,2017-04-21
600678,四川金顶,水泥,四川,2017-04-21
600679,上海凤凰,文教休闲,上海,2017-04-21
600680,上海普天,通信设备,上海,2017-04-21
600681,万鸿集团,装修装饰,湖北,2017-04-21
600675,*ST中企,区域地产,上海,2017-04-21
600486,扬农化工,农药化肥,江苏,2017-04-21
600702,沱牌舍得,白酒,四川,2017-04-21
600704,物产中大,商贸代理,浙江,2017-04-21
600742,一汽富维,汽车配件,吉林,2017-04-21
600741,华域汽车,汽车配件,上海,2017-04-21
600740,山西焦化,焦炭加工,山西,2017-04-21
600739,辽宁成大,商贸代理,辽宁,2017-04-21
600738,兰州民百,百货,甘肃,2017-04-21
600737,中粮屯河,食品,新疆,2017-04-21
600736,苏州高新,园区开发,江苏,2017-04-21
600731,湖南海利,农药化肥,湖南,2017-04-21
600730,中国高科,综合类,北京,2017-04-21
600729,重庆百货,百货,重庆,2017-04-21
600728,佳都科技,软件服务,广东,2017-04-21
600727,鲁北化工,农药化肥,山东,2017-04-21
600726,华电能源,火力发电,黑龙江,2017-04-21
600724,宁波富达,区域地产,浙江,2017-04-21
600723,首商股份,百货,北京,2017-04-21
600722,金牛化工,化工原料,河北,2017-04-21
600721,*ST百花,焦炭加工,新疆,2017-04-21
600705,中航资本,多元金融,黑龙江,2017-04-21
600706,曲江文旅,旅游服务,陕西,2017-04-21
600707,彩虹股份,元器件,陕西,2017-04-21
600708,光明地产,全国地产,上海,2017-04-21
600711,盛屯矿业,小金属,福建,2017-04-21
600712,南宁百货,百货,广西,2017-04-21
600703,三安光电,半导体,湖北,2017-04-21
600713,南京医药,医药商业,江苏,2017-04-21
600715,松辽汽车,汽车配件,辽宁,2017-04-21
600716,凤凰股份,区域地产,江苏,2017-04-21
600717,天津港,港口,天津,2017-04-21
600718,东软集团,软件服务,辽宁,2017-04-21
600719,大连热电,供气供热,辽宁,2017-04-21
600720,祁连山,水泥,甘肃,2017-04-21
600714,金瑞矿业,煤炭开采,青海,2017-04-21
300401,花园生物,食品,浙江,2017-04-21
1,平安银行,银行,深圳,2017-04-21
300399,京天利,互联网,北京,2017-04-21
959,首钢股份,普钢,北京,2017-04-21
960,锡业股份,小金属,云南,2017-04-21
961,中南建设,建筑施工,江苏,2017-04-21
962,东方钽业,小金属,宁夏,2017-04-21
963,华东医药,化学制药,浙江,2017-04-21
965,天保基建,区域地产,天津,2017-04-21
958,东方能源,火力发电,河北,2017-04-21
966,长源电力,火力发电,湖北,2017-04-21
968,*ST煤气,煤炭开采,山西,2017-04-21
969,安泰科技,钢加工,北京,2017-04-21
970,中科三环,元器件,北京,2017-04-21
971,高升控股,互联网,湖北,2017-04-21
972,新中基,食品,新疆,2017-04-21
973,佛塑科技,塑料,广东,2017-04-21
967,盈峰环境,电气设备,浙江,2017-04-21
957,中通客车,汽车整车,山东,2017-04-21
955,欣龙控股,纺织,海南,2017-04-21
952,广济药业,化学制药,湖北,2017-04-21
927,*ST夏利,汽车整车,天津,2017-04-21
928,中钢国际,建筑施工,吉林,2017-04-21
929,兰州黄河,啤酒,甘肃,2017-04-21
930,中粮生化,食品,安徽,2017-04-21
931,中 关 村,区域地产,北京,2017-04-21
932,华菱钢铁,普钢,湖南,2017-04-21
933,神火股份,煤炭开采,河南,2017-04-21
936,华西股份,化纤,江苏,2017-04-21
937,冀中能源,煤炭开采,河北,2017-04-21
938,紫光股份,软件服务,北京,2017-04-21
939,凯迪生态,火力发电,湖北,2017-04-21
948,南天信息,软件服务,云南,2017-04-21
949,新乡化纤,化纤,河南,2017-04-21
950,建峰化工,农药化肥,重庆,2017-04-21
951,中国重汽,汽车整车,山东,2017-04-21
975,银泰资源,铅锌,内蒙,2017-04-21
926,福星股份,区域地产,湖北,2017-04-21
976,春晖股份,化纤,广东,2017-04-21
978,桂林旅游,旅游景点,广西,2017-04-21
2064,华峰氨纶,化纤,浙江,2017-04-21
2065,东华软件,软件服务,北京,2017-04-21
2066,瑞泰科技,其他建材,北京,2017-04-21
2067,景兴纸业,造纸,浙江,2017-04-21
2068,黑猫股份,化工原料,江西,2017-04-21
2069,獐 子 岛,渔业,辽宁,2017-04-21
2003,伟星股份,服饰,浙江,2017-04-21
2070,众和股份,纺织,福建,2017-04-21
2072,凯瑞德,纺织,山东,2017-04-21
2073,软控股份,软件服务,山东,2017-04-21
2074,国轩高科,电气设备,江苏,2017-04-21
2077,大港股份,区域地产,江苏,2017-04-21
2078,太阳纸业,造纸,山东,2017-04-21
2152,广电运通,电脑设备,广东,2017-04-21
2071,长城影视,影视音像,江苏,2017-04-21
2002,鸿达兴业,化工原料,江苏,2017-04-21
2001,新 和 成,化学制药,浙江,2017-04-21
1979,招商蛇口,全国地产,深圳,2017-04-21
980,金马股份,汽车配件,安徽,2017-04-21
983,西山煤电,煤炭开采,山西,2017-04-21
985,大庆华科,化工原料,黑龙江,2017-04-21
987,广州友谊,百货,广东,2017-04-21
988,华工科技,电器仪表,湖北,2017-04-21
989,九 芝 堂,中成药,湖南,2017-04-21
990,诚志股份,化工原料,江西,2017-04-21
993,闽东电力,水力发电,福建,2017-04-21
995,*ST皇台,白酒,甘肃,2017-04-21
996,中国中期,公路,北京,2017-04-21
997,新 大 陆,软件服务,福建,2017-04-21
998,隆平高科,种植业,湖南,2017-04-21
999,华润三九,中成药,深圳,2017-04-21
1696,宗申动力,摩托车,重庆,2017-04-21
1896,豫能控股,火力发电,河南,2017-04-21
977,浪潮信息,电脑设备,山东,2017-04-21
2153,石基信息,软件服务,北京,2017-04-21
925,众合科技,专用机械,浙江,2017-04-21
921,海信科龙,家用电器,广东,2017-04-21
836,鑫茂科技,软件服务,天津,2017-04-21
837,秦川机床,机床制造,陕西,2017-04-21
838,财信发展,区域地产,北京,2017-04-21
839,中信国安,综合类,北京,2017-04-21
848,承德露露,软饮料,河北,2017-04-21
850,华茂股份,纺织,安徽,2017-04-21
835,长城动漫,影视音像,四川,2017-04-21
851,高鸿股份,软件服务,贵州,2017-04-21
858,五 粮 液,白酒,四川,2017-04-21
859,国风塑业,塑料,安徽,2017-04-21
860,顺鑫农业,白酒,北京,2017-04-21
861,海印股份,房产服务,广东,2017-04-21
863,三湘股份,区域地产,上海,2017-04-21
868,安凯客车,汽车整车,安徽,2017-04-21
856,冀东装备,机械基件,河北,2017-04-21
833,贵糖股份,造纸,广西,2017-04-21
831,五矿稀土,小金属,山西,2017-04-21
830,鲁西化工,农药化肥,山东,2017-04-21
809,铁岭新城,区域地产,辽宁,2017-04-21
810,创维数字,元器件,四川,2017-04-21
811,烟台冰轮,工程机械,山东,2017-04-21
813,天山纺织,纺织,新疆,2017-04-21
815,美利纸业,造纸,宁夏,2017-04-21
816,智慧农业,机械基件,江苏,2017-04-21
818,方大化工,化工原料,辽宁,2017-04-21
819,岳阳兴长,石油加工,湖南,2017-04-21
820,金城股份,造纸,辽宁,2017-04-21
822,山东海化,化工原料,山东,2017-04-21
823,超声电子,元器件,广东,2017-04-21
825,太钢不锈,特种钢,山西,2017-04-21
826,启迪桑德,环境保护,湖北,2017-04-21
828,东莞控股,路桥,广东,2017-04-21
829,天音控股,其他商业,江西,2017-04-21
869,张  裕Ａ,红黄药酒,山东,2017-04-21
922,佳电股份,电气设备,黑龙江,2017-04-21
875,吉电股份,火力发电,吉林,2017-04-21
877,天山股份,水泥,新疆,2017-04-21
903,云内动力,机械基件,云南,2017-04-21
905,厦门港务,港口,福建,2017-04-21
906,物产中拓,批发业,湖南,2017-04-21
908,景峰医药,化学制药,湖南,2017-04-21
909,数源科技,综合类,浙江,2017-04-21
910,大亚科技,家居用品,江苏,2017-04-21
902,新洋丰,农药化肥,湖北,2017-04-21
911,南宁糖业,食品,广西,2017-04-21
913,钱江摩托,摩托车,浙江,2017-04-21
915,山大华特,生物制药,山东,2017-04-21
917,电广传媒,影视音像,湖南,2017-04-21
918,嘉凯城,全国地产,浙江,2017-04-21
919,金陵药业,中成药,江苏,2017-04-21
920,南方汇通,运输设备,贵州,2017-04-21
912,泸天化,农药化肥,四川,2017-04-21
901,航天科技,航空,黑龙江,2017-04-21
900,现代投资,路桥,湖南,2017-04-21
899,赣能股份,火力发电,江西,2017-04-21
878,云南铜业,铜,云南,2017-04-21
880,潍柴重机,机械基件,山东,2017-04-21
881,大连国际,综合类,辽宁,2017-04-21
882,华联股份,百货,北京,2017-04-21
883,湖北能源,火力发电,湖北,2017-04-21
885,同力水泥,水泥,河南,2017-04-21
886,海南高速,路桥,海南,2017-04-21
887,中鼎股份,橡胶,安徽,2017-04-21
888,峨眉山Ａ,旅游景点,四川,2017-04-21
890,法 尔 胜,钢加工,江苏,2017-04-21
892,星美联合,通信设备,重庆,2017-04-21
893,东凌国际,食品,广东,2017-04-21
895,双汇发展,食品,河南,2017-04-21
897,津滨发展,区域地产,天津,2017-04-21
898,鞍钢股份,普钢,辽宁,2017-04-21
876,新 希 望,饲料,四川,2017-04-21
807,云铝股份,铝,云南,2017-04-21
2154,报 喜 鸟,服饰,浙江,2017-04-21
2156,通富微电,半导体,江苏,2017-04-21
2308,威创股份,电脑设备,广东,2017-04-21
2309,中利科技,电气设备,江苏,2017-04-21
2310,东方园林,建筑施工,北京,2017-04-21
2311,海大集团,饲料,广东,2017-04-21
2313,日海通讯,通信设备,深圳,2017-04-21
2314,南山控股,其他建材,深圳,2017-04-21
2307,北新路桥,建筑施工,新疆,2017-04-21
2315,焦点科技,互联网,江苏,2017-04-21
2318,久立特材,特种钢,浙江,2017-04-21
2319,乐通股份,染料涂料,广东,2017-04-21
2320,海峡股份,水运,海南,2017-04-21
2321,华英农业,农业综合,河南,2017-04-21
2322,理工监测,电气设备,浙江,2017-04-21
2323,雅百特,建筑施工,江苏,2017-04-21
2317,众生药业,中成药,广东,2017-04-21
2306,*ST云网,酒店餐饮,北京,2017-04-21
2305,南国置业,区域地产,湖北,2017-04-21
2304,洋河股份,白酒,江苏,2017-04-21
2288,超华科技,元器件,广东,2017-04-21
2289,宇顺电子,元器件,深圳,2017-04-21
2290,禾盛新材,家用电器,江苏,2017-04-21
2291,星期六,服饰,广东,2017-04-21
2292,奥飞娱乐,影视音像,广东,2017-04-21
2293,罗莱生活,纺织,江苏,2017-04-21
2294,信立泰,化学制药,深圳,2017-04-21
2295,精艺股份,铜,广东,2017-04-21
2296,辉煌科技,通信设备,河南,2017-04-21
2297,博云新材,矿物制品,湖南,2017-04-21
2298,中电鑫龙,电气设备,安徽,2017-04-21
2300,太阳电缆,电气设备,福建,2017-04-21
2301,齐心集团,文教休闲,深圳,2017-04-21
2302,西部建设,水泥,新疆,2017-04-21
2303,美盈森,造纸,深圳,2017-04-21
2324,普利特,塑料,上海,2017-04-21
2287,奇正藏药,中成药,西藏,2017-04-21
2325,洪涛股份,装修装饰,深圳,2017-04-21
2327,富安娜,纺织,深圳,2017-04-21
2347,泰尔重工,机械基件,安徽,2017-04-21
2348,高乐股份,文教休闲,广东,2017-04-21
2349,精华制药,中成药,江苏,2017-04-21
2350,北京科锐,电气设备,北京,2017-04-21
2351,漫步者,电脑设备,深圳,2017-04-21
2352,鼎泰新材,钢加工,安徽,2017-04-21
2346,柘中股份,其他建材,上海,2017-04-21
2353,杰瑞股份,化工机械,山东,2017-04-21
2355,兴民钢圈,汽车配件,山东,2017-04-21
2356,浩宁达,电器仪表,深圳,2017-04-21
2357,富临运业,公路,四川,2017-04-21
2358,森源电气,电气设备,河南,2017-04-21
2359,齐星铁塔,钢加工,山东,2017-04-21
2360,同德化工,化工原料,山西,2017-04-21
2354,天神娱乐,互联网,辽宁,2017-04-21
2345,潮宏基,服饰,广东,2017-04-21
2344,海宁皮城,商品城,浙江,2017-04-21
2343,慈文传媒,影视音像,浙江,2017-04-21
2328,新朋股份,专用机械,上海,2017-04-21
2329,皇氏集团,乳制品,广西,2017-04-21
2330,得利斯,食品,山东,2017-04-21
2331,皖通科技,软件服务,安徽,2017-04-21
2332,仙琚制药,生物制药,浙江,2017-04-21
2333,罗普斯金,铝,江苏,2017-04-21
2334,英威腾,电气设备,深圳,2017-04-21
2335,科华恒盛,电气设备,福建,2017-04-21
2336,人人乐,超市连锁,深圳,2017-04-21
2337,赛象科技,化工机械,天津,2017-04-21
2338,奥普光电,电器仪表,吉林,2017-04-21
2339,积成电子,电气设备,山东,2017-04-21
2340,格林美,小金属,深圳,2017-04-21
2341,新纶科技,化工原料,深圳,2017-04-21
2342,巨力索具,机械基件,河北,2017-04-21
2326,永太科技,化工原料,浙江,2017-04-21
2155,湖南黄金,黄金,湖南,2017-04-21
2286,保龄宝,食品,山东,2017-04-21
2284,亚太股份,汽车配件,浙江,2017-04-21
2179,中航光电,元器件,河南,2017-04-21
2180,艾派克,电脑设备,广东,2017-04-21
2181,粤 传 媒,出版业,广东,2017-04-21
2182,云海金属,小金属,江苏,2017-04-21
2183,怡 亚 通,仓储物流,深圳,2017-04-21
2184,海得控制,软件服务,上海,2017-04-21
2178,延华智能,建筑施工,上海,2017-04-21
2185,华天科技,半导体,甘肃,2017-04-21
2187,广百股份,百货,广东,2017-04-21
2188,巴士在线,广告包装,浙江,2017-04-21
2189,利达光电,元器件,河南,2017-04-21
2190,成飞集成,汽车配件,四川,2017-04-21
2191,劲嘉股份,广告包装,深圳,2017-04-21
2240,威华股份,家居用品,广东,2017-04-21
2186,全 聚 德,酒店餐饮,北京,2017-04-21
2177,御银股份,电脑设备,广东,2017-04-21
2176,江特电机,电气设备,江西,2017-04-21
2174,游族网络,互联网,福建,2017-04-21
2157,正邦科技,饲料,江西,2017-04-21
2158,汉钟精机,工程机械,上海,2017-04-21
2159,三特索道,旅游景点,湖北,2017-04-21
2160,常铝股份,铝,江苏,2017-04-21
2161,远 望 谷,通信设备,深圳,2017-04-21
2163,中航三鑫,装修装饰,深圳,2017-04-21
2164,宁波东力,电气设备,浙江,2017-04-21
2165,红 宝 丽,化工原料,江苏,2017-04-21
2166,莱茵生物,中成药,广西,2017-04-21
2167,东方锆业,小金属,广东,2017-04-21
2169,智光电气,电气设备,广东,2017-04-21
2170,芭田股份,农药化肥,深圳,2017-04-21
2171,楚江新材,铜,安徽,2017-04-21
2172,澳洋科技,化纤,江苏,2017-04-21
2173,千足珍珠,农业综合,浙江,2017-04-21
2241,歌尔声学,元器件,山东,2017-04-21
2285,世联行,房产服务,深圳,2017-04-21
2242,九阳股份,家用电器,山东,2017-04-21
2244,滨江集团,区域地产,浙江,2017-04-21
2269,美邦服饰,服饰,上海,2017-04-21
2270,法因数控,机床制造,山东,2017-04-21
2271,东方雨虹,其他建材,北京,2017-04-21
2272,川润股份,机械基件,四川,2017-04-21
2273,水晶光电,元器件,浙江,2017-04-21
2274,华昌化工,农药化肥,江苏,2017-04-21
2268,卫 士 通,软件服务,四川,2017-04-21
2275,桂林三金,中成药,广西,2017-04-21
2277,友阿股份,百货,湖南,2017-04-21
2278,神开股份,化工机械,上海,2017-04-21
2279,久其软件,软件服务,北京,2017-04-21
2281,光迅科技,通信设备,湖北,2017-04-21
2282,博深工具,轻工机械,河北,2017-04-21
2283,天润曲轴,汽车配件,山东,2017-04-21
2276,万马股份,电气设备,浙江,2017-04-21
2267,陕天然气,供气供热,陕西,2017-04-21
2266,浙富控股,电气设备,浙江,2017-04-21
2265,西仪股份,汽车配件,云南,2017-04-21
2245,澳洋顺昌,仓储物流,江苏,2017-04-21
2246,北化股份,化工原料,四川,2017-04-21
2247,帝龙新材,装修装饰,浙江,2017-04-21
2249,大洋电机,电气设备,广东,2017-04-21
2250,联化科技,化工原料,浙江,2017-04-21
2251,步 步 高,超市连锁,湖南,2017-04-21
2253,川大智胜,软件服务,四川,2017-04-21
2254,泰和新材,化纤,山东,2017-04-21
2256,彩虹精化,染料涂料,深圳,2017-04-21
2258,利尔化学,农药化肥,四川,2017-04-21
2259,升达林业,家居用品,四川,2017-04-21
2261,拓维信息,互联网,湖南,2017-04-21
2262,恩华药业,化学制药,江苏,2017-04-21
2263,大 东 南,塑料,浙江,2017-04-21
2264,新 华 都,超市连锁,福建,2017-04-21
2243,通产丽星,塑料,深圳,2017-04-21
806,银河生物,生物制药,广西,2017-04-21
803,金宇车城,纺织,四川,2017-04-21
802,北京文化,旅游服务,北京,2017-04-21
506,中润资源,区域地产,山东,2017-04-21
507,珠海港,港口,广东,2017-04-21
509,华塑控股,其他建材,四川,2017-04-21
510,*ST金路,化工原料,四川,2017-04-21
511,烯碳新材,矿物制品,辽宁,2017-04-21
513,丽珠集团,中成药,广东,2017-04-21
505,珠江控股,全国地产,海南,2017-04-21
514,渝 开 发,区域地产,重庆,2017-04-21
518,四环生物,生物制药,江苏,2017-04-21
519,江南红箭,机械基件,湖南,2017-04-21
520,长航凤凰,水运,湖北,2017-04-21
521,美菱电器,家用电器,安徽,2017-04-21
523,广州浪奇,日用化工,广东,2017-04-21
524,岭南控股,酒店餐饮,广东,2017-04-21
517,荣安地产,区域地产,浙江,2017-04-21
504,南华生物,出版业,湖南,2017-04-21
503,海虹控股,互联网,海南,2017-04-21
502,绿景控股,区域地产,广东,2017-04-21
417,合肥百货,百货,安徽,2017-04-21
418,小天鹅Ａ,家用电器,江苏,2017-04-21
419,通程控股,百货,湖南,2017-04-21
420,吉林化纤,化纤,吉林,2017-04-21
421,南京中北,公共交通,江苏,2017-04-21
422,湖北宜化,农药化肥,湖北,2017-04-21
423,东阿阿胶,中成药,山东,2017-04-21
425,徐工机械,工程机械,江苏,2017-04-21
426,兴业矿业,小金属,内蒙,2017-04-21
428,华天酒店,酒店餐饮,湖南,2017-04-21
429,粤高速Ａ,路桥,广东,2017-04-21
430,张家界,旅游景点,湖南,2017-04-21
488,晨鸣纸业,造纸,山东,2017-04-21
498,山东路桥,建筑施工,山东,2017-04-21
501,鄂武商Ａ,百货,湖北,2017-04-21
525,红 太 阳,农药化肥,江苏,2017-04-21
416,民生控股,百货,山东,2017-04-21
528,柳    工,工程机械,广西,2017-04-21
530,大冷股份,机械基件,辽宁,2017-04-21
553,沙隆达Ａ,农药化肥,湖北,2017-04-21
554,泰山石油,石油贸易,山东,2017-04-21
555,神州信息,软件服务,深圳,2017-04-21
557,*ST广夏,红黄药酒,宁夏,2017-04-21
558,莱茵体育,区域地产,浙江,2017-04-21
559,万向钱潮,汽车配件,浙江,2017-04-21
552,靖远煤电,煤炭开采,甘肃,2017-04-21
560,昆百大Ａ,百货,云南,2017-04-21
563,陕国投Ａ,多元金融,陕西,2017-04-21
564,西安民生,百货,陕西,2017-04-21
565,渝三峡Ａ,染料涂料,重庆,2017-04-21
566,海南海药,化学制药,海南,2017-04-21
567,海德股份,区域地产,海南,2017-04-21
568,泸州老窖,白酒,四川,2017-04-21
561,烽火电子,通信设备,陕西,2017-04-21
551,创元科技,专用机械,江苏,2017-04-21
550,江铃汽车,汽车整车,江西,2017-04-21
548,湖南投资,路桥,湖南,2017-04-21
531,穗恒运Ａ,火力发电,广东,2017-04-21
532,力合股份,元器件,广东,2017-04-21
533,万 家 乐,家用电器,广东,2017-04-21
534,万泽股份,区域地产,广东,2017-04-21
536,华映科技,元器件,福建,2017-04-21
537,广宇发展,区域地产,天津,2017-04-21
538,云南白药,中成药,云南,2017-04-21
539,粤电力Ａ,火力发电,广东,2017-04-21
540,中天城投,区域地产,贵州,2017-04-21
541,佛山照明,家用电器,广东,2017-04-21
543,皖能电力,火力发电,安徽,2017-04-21
544,中原环保,环境保护,河南,2017-04-21
545,金浦钛业,化工原料,吉林,2017-04-21
546,金圆股份,水泥,吉林,2017-04-21
547,航天发展,通信设备,福建,2017-04-21
529,广弘控股,食品,广东,2017-04-21
570,苏常柴Ａ,农用机械,江苏,2017-04-21
415,渤海金控,多元金融,新疆,2017-04-21
411,英特集团,医药商业,浙江,2017-04-21
28,国药一致,医药商业,深圳,2017-04-21
30,富奥股份,汽车配件,吉林,2017-04-21
31,中粮地产,全国地产,深圳,2017-04-21
35,中国天楹,环境保护,江苏,2017-04-21
36,华联控股,全国地产,深圳,2017-04-21
37,*ST南电A,火力发电,深圳,2017-04-21
27,深圳能源,火力发电,深圳,2017-04-21
38,深大通,区域地产,深圳,2017-04-21
42,中洲控股,全国地产,深圳,2017-04-21
43,中航地产,全国地产,深圳,2017-04-21
45,深纺织Ａ,纺织,深圳,2017-04-21
46,泛海控股,全国地产,北京,2017-04-21
48,康达尔,饲料,深圳,2017-04-21
49,德赛电池,电气设备,深圳,2017-04-21
39,中集集团,轻工机械,深圳,2017-04-21
26,飞亚达Ａ,其他商业,深圳,2017-04-21
25,特  力Ａ,汽车服务,深圳,2017-04-21
23,深天地Ａ,建筑施工,深圳,2017-04-21
2,万  科Ａ,全国地产,深圳,2017-04-21
5,世纪星源,区域地产,深圳,2017-04-21
6,深振业Ａ,区域地产,深圳,2017-04-21
8,神州高铁,运输设备,北京,2017-04-21
9,中国宝安,全国地产,深圳,2017-04-21
10,深华新,建筑施工,北京,2017-04-21
11,深物业A,区域地产,深圳,2017-04-21
12,南  玻Ａ,玻璃,深圳,2017-04-21
14,沙河股份,全国地产,深圳,2017-04-21
16,深康佳Ａ,家用电器,深圳,2017-04-21
17,深中华A,文教休闲,深圳,2017-04-21
18,神州长城,装修装饰,深圳,2017-04-21
19,深深宝Ａ,软饮料,深圳,2017-04-21
20,深华发Ａ,元器件,深圳,2017-04-21
22,深赤湾Ａ,港口,深圳,2017-04-21
50,深天马Ａ,元器件,深圳,2017-04-21
413,东旭光电,元器件,河北,2017-04-21
55,方大集团,其他建材,深圳,2017-04-21
58,深 赛 格,元器件,深圳,2017-04-21
158,常山股份,纺织,河北,2017-04-21
159,国际实业,石油贸易,新疆,2017-04-21
166,申万宏源,证券,新疆,2017-04-21
333,美的集团,家用电器,广东,2017-04-21
338,潍柴动力,汽车配件,山东,2017-04-21
400,许继电气,电气设备,河南,2017-04-21
157,中联重科,工程机械,湖南,2017-04-21
401,冀东水泥,水泥,河北,2017-04-21
403,ST生化,生物制药,山西,2017-04-21
404,华意压缩,专用机械,江西,2017-04-21
407,胜利股份,塑料,山东,2017-04-21
408,金谷源,商贸代理,河北,2017-04-21
409,山东地矿,普钢,山东,2017-04-21
410,沈阳机床,机床制造,辽宁,2017-04-21
402,金 融 街,全国地产,北京,2017-04-21
156,华数传媒,影视音像,浙江,2017-04-21
151,中成股份,商贸代理,北京,2017-04-21
150,宜华健康,医疗保健,广东,2017-04-21
59,*ST华锦,石油加工,辽宁,2017-04-21
60,中金岭南,铅锌,深圳,2017-04-21
61,农 产 品,农业综合,深圳,2017-04-21
62,深圳华强,商贸代理,深圳,2017-04-21
65,北方国际,建筑施工,北京,2017-04-21
66,长城电脑,电脑设备,深圳,2017-04-21
68,*ST华赛,元器件,深圳,2017-04-21
69,华侨城Ａ,旅游景点,深圳,2017-04-21
70,特发信息,通信设备,深圳,2017-04-21
78,海王生物,生物制药,深圳,2017-04-21
88,盐 田 港,港口,深圳,2017-04-21
89,深圳机场,机场,深圳,2017-04-21
90,天健集团,建筑施工,深圳,2017-04-21
96,广聚能源,石油贸易,深圳,2017-04-21
99,中信海直,空运,深圳,2017-04-21
56,皇庭国际,房产服务,深圳,2017-04-21
571,新大洲Ａ,煤炭开采,海南,2017-04-21
572,海马汽车,汽车整车,海南,2017-04-21
573,粤宏远Ａ,区域地产,广东,2017-04-21
719,大地传媒,出版业,河南,2017-04-21
720,新能泰山,火力发电,山东,2017-04-21
721,西安饮食,酒店餐饮,陕西,2017-04-21
722,湖南发展,水力发电,湖南,2017-04-21
725,京东方Ａ,元器件,北京,2017-04-21
726,鲁  泰Ａ,纺织,山东,2017-04-21
718,苏宁环球,区域地产,吉林,2017-04-21
727,华东科技,元器件,江苏,2017-04-21
729,燕京啤酒,啤酒,北京,2017-04-21
731,四川美丰,农药化肥,四川,2017-04-21
732,泰禾集团,区域地产,福建,2017-04-21
733,振华科技,元器件,贵州,2017-04-21
735,罗 牛 山,农业综合,海南,2017-04-21
736,中房地产,全国地产,重庆,2017-04-21
728,国元证券,证券,安徽,2017-04-21
717,韶钢松山,钢加工,广东,2017-04-21
715,中兴商业,百货,辽宁,2017-04-21
713,丰乐种业,种植业,安徽,2017-04-21
690,宝新能源,火力发电,广东,2017-04-21
691,亚太实业,区域地产,海南,2017-04-21
692,惠天热电,供气供热,辽宁,2017-04-21
695,滨海能源,供气供热,天津,2017-04-21
698,沈阳化工,化工原料,辽宁,2017-04-21
700,模塑科技,汽车配件,江苏,2017-04-21
701,厦门信达,综合类,福建,2017-04-21
702,正虹科技,饲料,湖南,2017-04-21
703,恒逸石化,化纤,广西,2017-04-21
705,浙江震元,医药商业,浙江,2017-04-21
707,双环科技,化工原料,湖北,2017-04-21
708,大冶特钢,特种钢,湖北,2017-04-21
709,河钢股份,普钢,河北,2017-04-21
711,京蓝科技,软件服务,黑龙江,2017-04-21
712,锦龙股份,多元金融,广东,2017-04-21
737,南风化工,日用化工,山西,2017-04-21
688,建新矿业,铅锌,重庆,2017-04-21
738,中航动控,航空,江苏,2017-04-21
750,国海证券,证券,广西,2017-04-21
786,北新建材,其他建材,北京,2017-04-21
788,北大医药,化学制药,重庆,2017-04-21
789,万年青,水泥,江西,2017-04-21
790,华神集团,中成药,四川,2017-04-21
791,甘肃电投,水力发电,甘肃,2017-04-21
792,盐湖股份,农药化肥,青海,2017-04-21
785,武汉中商,百货,湖北,2017-04-21
793,华闻传媒,出版业,海南,2017-04-21
796,凯撒旅游,旅游服务,陕西,2017-04-21
797,中国武夷,全国地产,福建,2017-04-21
798,中水渔业,渔业,北京,2017-04-21
799,*ST酒鬼,白酒,湖南,2017-04-21
800,一汽轿车,汽车整车,吉林,2017-04-21
801,四川九洲,通信设备,四川,2017-04-21
795,英洛华,矿物制品,山西,2017-04-21
783,长江证券,证券,湖北,2017-04-21
782,美达股份,化纤,广东,2017-04-21
779,三毛派神,纺织,甘肃,2017-04-21
751,锌业股份,铅锌,辽宁,2017-04-21
752,西藏发展,啤酒,西藏,2017-04-21
753,漳州发展,汽车服务,福建,2017-04-21
756,新华制药,化学制药,山东,2017-04-21
757,浩物股份,汽车配件,四川,2017-04-21
758,中色股份,铅锌,北京,2017-04-21
759,中百集团,超市连锁,湖北,2017-04-21
761,本钢板材,钢加工,辽宁,2017-04-21
762,西藏矿业,小金属,西藏,2017-04-21
766,通化金马,中成药,吉林,2017-04-21
767,漳泽电力,火力发电,山西,2017-04-21
768,中航飞机,航空,陕西,2017-04-21
776,广发证券,证券,广东,2017-04-21
777,中核科技,机械基件,江苏,2017-04-21
778,新兴铸管,钢加工,河北,2017-04-21
739,普洛药业,化学制药,浙江,2017-04-21
687,华讯方舟,化纤,河北,2017-04-21
686,东北证券,证券,吉林,2017-04-21
685,中山公用,水务,广东,2017-04-21
603,盛达矿业,铅锌,北京,2017-04-21
605,渤海股份,水务,北京,2017-04-21
606,*ST明胶,化学制药,青海,2017-04-21
607,华媒控股,广告包装,浙江,2017-04-21
608,阳光股份,区域地产,广西,2017-04-21
609,绵世股份,区域地产,北京,2017-04-21
601,韶能股份,火力发电,广东,2017-04-21
610,西安旅游,旅游服务,陕西,2017-04-21
615,湖北金环,化纤,湖北,2017-04-21
616,海航投资,全国地产,辽宁,2017-04-21
617,*ST济柴,机械基件,山东,2017-04-21
619,海螺型材,其他建材,安徽,2017-04-21
620,新华联,区域地产,北京,2017-04-21
622,恒立实业,汽车配件,湖南,2017-04-21
612,焦作万方,铝,河南,2017-04-21
600,建投能源,火力发电,河北,2017-04-21
599,青岛双星,汽车配件,山东,2017-04-21
598,兴蓉环境,水务,四川,2017-04-21
576,广东甘化,综合类,广东,2017-04-21
581,威孚高科,汽车配件,江苏,2017-04-21
582,北部湾港,港口,广西,2017-04-21
584,友利控股,化纤,江苏,2017-04-21
585,东北电气,电气设备,辽宁,2017-04-21
586,汇源通信,通信设备,四川,2017-04-21
587,金叶珠宝,批发业,黑龙江,2017-04-21
589,黔轮胎Ａ,汽车配件,贵州,2017-04-21
590,*ST古汉,中成药,湖南,2017-04-21
591,太阳能,新型电力,重庆,2017-04-21
592,平潭发展,林业,福建,2017-04-21
593,大通燃气,供气供热,四川,2017-04-21
595,宝塔实业,机械基件,宁夏,2017-04-21
596,古井贡酒,白酒,安徽,2017-04-21
597,东北制药,化学制药,辽宁,2017-04-21
623,吉林敖东,中成药,吉林,2017-04-21
625,长安汽车,汽车整车,重庆,2017-04-21
626,如意集团,商贸代理,江苏,2017-04-21
627,天茂集团,化工原料,湖北,2017-04-21
663,永安林业,林业,福建,2017-04-21
665,湖北广电,影视音像,湖北,2017-04-21
666,经纬纺机,纺织机械,北京,2017-04-21
667,美好集团,全国地产,云南,2017-04-21
668,荣丰控股,区域地产,上海,2017-04-21
669,金鸿能源,供气供热,吉林,2017-04-21
670,盈方微,元器件,湖北,2017-04-21
671,阳 光 城,区域地产,福建,2017-04-21
676,智度投资,互联网,河南,2017-04-21
677,恒天海龙,化纤,山东,2017-04-21
678,襄阳轴承,机械基件,湖北,2017-04-21
679,大连友谊,百货,辽宁,2017-04-21
680,山推股份,工程机械,山东,2017-04-21
681,视觉中国,互联网,江苏,2017-04-21
683,远兴能源,化工原料,内蒙,2017-04-21
662,索芙特,日用化工,广西,2017-04-21
2361,神剑股份,化工原料,安徽,2017-04-21
661,长春高新,生物制药,吉林,2017-04-21
657,中钨高新,小金属,海南,2017-04-21
628,高新发展,园区开发,四川,2017-04-21
630,铜陵有色,铜,安徽,2017-04-21
631,顺发恒业,区域地产,吉林,2017-04-21
632,三木集团,综合类,福建,2017-04-21
633,合金投资,综合类,辽宁,2017-04-21
635,英 力 特,化工原料,宁夏,2017-04-21
636,风华高科,元器件,广东,2017-04-21
637,茂化实华,石油加工,广东,2017-04-21
638,万方发展,批发业,辽宁,2017-04-21
639,西王食品,食品,山东,2017-04-21
650,仁和药业,中成药,江西,2017-04-21
651,格力电器,家用电器,广东,2017-04-21
652,泰达股份,综合类,天津,2017-04-21
655,金岭矿业,普钢,山东,2017-04-21
656,金科股份,区域地产,重庆,2017-04-21
659,*ST中富,广告包装,广东,2017-04-21
300400,劲拓股份,专用机械,深圳,2017-04-21
2362,汉王科技,电脑设备,北京,2017-04-21
2364,中恒电气,电气设备,浙江,2017-04-21
300177,中海达,通信设备,广东,2017-04-21
300178,腾邦国际,旅游服务,深圳,2017-04-21
300179,四方达,矿物制品,河南,2017-04-21
300181,佐力药业,中成药,浙江,2017-04-21
300182,捷成股份,软件服务,北京,2017-04-21
300183,东软载波,软件服务,山东,2017-04-21
300176,鸿特精密,汽车配件,广东,2017-04-21
300184,力源信息,元器件,湖北,2017-04-21
300187,永清环保,环境保护,湖南,2017-04-21
300188,美亚柏科,软件服务,福建,2017-04-21
300189,神农基因,种植业,海南,2017-04-21
300190,维尔利,环境保护,江苏,2017-04-21
300191,潜能恒信,石油开采,北京,2017-04-21
300193,佳士科技,专用机械,深圳,2017-04-21
300185,通裕重工,工程机械,山东,2017-04-21
300175,朗源股份,食品,山东,2017-04-21
300174,元力股份,化工原料,福建,2017-04-21
300173,智慧松德,轻工机械,广东,2017-04-21
300156,神雾环保,环境保护,北京,2017-04-21
300157,恒泰艾普,石油开采,北京,2017-04-21
300158,振东制药,中成药,山西,2017-04-21
300159,新研股份,农用机械,新疆,2017-04-21
300160,秀强股份,玻璃,江苏,2017-04-21
300161,华中数控,机床制造,湖北,2017-04-21
300162,雷曼股份,元器件,深圳,2017-04-21
300163,先锋新材,其他建材,浙江,2017-04-21
300164,通源石油,石油开采,陕西,2017-04-21
300165,天瑞仪器,电器仪表,江苏,2017-04-21
300166,东方国信,软件服务,北京,2017-04-21
300167,迪威视讯,通信设备,深圳,2017-04-21
300170,汉得信息,软件服务,上海,2017-04-21
300171,东富龙,医疗保健,上海,2017-04-21
300172,中电环保,环境保护,江苏,2017-04-21
300194,福安药业,化学制药,重庆,2017-04-21
300155,安居宝,元器件,广东,2017-04-21
300195,长荣股份,轻工机械,天津,2017-04-21
300197,铁汉生态,环境保护,深圳,2017-04-21
300222,科大智能,电气设备,上海,2017-04-21
300223,北京君正,半导体,北京,2017-04-21
300224,正海磁材,元器件,山东,2017-04-21
300225,金力泰,染料涂料,上海,2017-04-21
300226,上海钢联,互联网,上海,2017-04-21
300227,光韵达,元器件,深圳,2017-04-21
300221,银禧科技,塑料,广东,2017-04-21
300228,富瑞特装,化工机械,江苏,2017-04-21
300230,永利股份,塑料,上海,2017-04-21
300231,银信科技,软件服务,北京,2017-04-21
300232,洲明科技,半导体,深圳,2017-04-21
300233,金城医药,化学制药,山东,2017-04-21
300234,开尔新材,陶瓷,浙江,2017-04-21
300236,上海新阳,化工原料,上海,2017-04-21
300229,拓尔思,软件服务,北京,2017-04-21
300220,金运激光,元器件,湖北,2017-04-21
300219,鸿利光电,元器件,广东,2017-04-21
300218,安利股份,塑料,安徽,2017-04-21
300199,翰宇药业,化学制药,深圳,2017-04-21
300200,高盟新材,化工原料,北京,2017-04-21
300202,聚龙股份,专用机械,辽宁,2017-04-21
300203,聚光科技,电器仪表,浙江,2017-04-21
300204,舒泰神,生物制药,北京,2017-04-21
300205,天喻信息,元器件,湖北,2017-04-21
300206,理邦仪器,医疗保健,深圳,2017-04-21
300207,欣旺达,元器件,深圳,2017-04-21
300210,森远股份,专用机械,辽宁,2017-04-21
300211,亿通科技,通信设备,江苏,2017-04-21
300213,佳讯飞鸿,通信设备,北京,2017-04-21
300214,日科化学,化工原料,山东,2017-04-21
300215,电科院,电气设备,江苏,2017-04-21
300216,千山药机,医疗保健,湖南,2017-04-21
300217,东方电热,电器仪表,江苏,2017-04-21
300196,长海股份,玻璃,江苏,2017-04-21
300237,美晨科技,橡胶,山东,2017-04-21
300154,瑞凌股份,元器件,深圳,2017-04-21
300152,科融环境,专用机械,江苏,2017-04-21
300093,金刚玻璃,玻璃,广东,2017-04-21
300094,国联水产,渔业,广东,2017-04-21
300095,华伍股份,机械基件,江西,2017-04-21
300096,易联众,软件服务,福建,2017-04-21
300097,智云股份,电器仪表,辽宁,2017-04-21
300098,高新兴,通信设备,广东,2017-04-21
300091,金通灵,机械基件,江苏,2017-04-21
300099,尤洛卡,电器仪表,山东,2017-04-21
300102,乾照光电,半导体,福建,2017-04-21
300103,达刚路机,工程机械,陕西,2017-04-21
300105,龙源技术,电器仪表,山东,2017-04-21
300106,西部牧业,农业综合,新疆,2017-04-21
300107,建新股份,化工原料,河北,2017-04-21
300108,双龙股份,化工原料,吉林,2017-04-21
300101,振芯科技,通信设备,四川,2017-04-21
300090,盛运环保,专用机械,安徽,2017-04-21
300087,荃银高科,种植业,安徽,2017-04-21
300086,康芝药业,化学制药,海南,2017-04-21
300071,华谊嘉信,广告包装,北京,2017-04-21
300072,三聚环保,化工原料,北京,2017-04-21
300073,当升科技,矿物制品,北京,2017-04-21
300074,华平股份,通信设备,上海,2017-04-21
300075,数字政通,软件服务,北京,2017-04-21
300076,GQY视讯,电脑设备,浙江,2017-04-21
300077,国民技术,半导体,深圳,2017-04-21
300078,思创医惠,元器件,浙江,2017-04-21
300079,数码视讯,通信设备,北京,2017-04-21
300080,易成新能,其他建材,河南,2017-04-21
300081,恒信移动,通信设备,河北,2017-04-21
300082,奥克股份,化工原料,辽宁,2017-04-21
300083,劲胜精密,元器件,广东,2017-04-21
300084,海默科技,石油开采,甘肃,2017-04-21
300085,银之杰,软件服务,深圳,2017-04-21
300111,向日葵,半导体,浙江,2017-04-21
300153,科泰电源,电气设备,上海,2017-04-21
300112,万讯自控,电器仪表,深圳,2017-04-21
300114,中航电测,元器件,陕西,2017-04-21
300135,宝利国际,化工原料,江苏,2017-04-21
300136,信维通信,通信设备,深圳,2017-04-21
300137,先河环保,电器仪表,河北,2017-04-21
300138,晨光生物,食品,河北,2017-04-21
300139,晓程科技,元器件,北京,2017-04-21
300140,启源装备,电气设备,陕西,2017-04-21
300133,华策影视,影视音像,浙江,2017-04-21
300141,和顺电气,电气设备,江苏,2017-04-21
300143,星河生物,种植业,广东,2017-04-21
300144,宋城演艺,旅游景点,浙江,2017-04-21
300145,南方泵业,专用机械,浙江,2017-04-21
300146,汤臣倍健,食品,广东,2017-04-21
300147,香雪制药,生物制药,广东,2017-04-21
300150,世纪瑞尔,软件服务,北京,2017-04-21
300142,沃森生物,生物制药,云南,2017-04-21
300132,青松股份,化工原料,福建,2017-04-21
300131,英唐智控,元器件,深圳,2017-04-21
300130,新国都,电脑设备,深圳,2017-04-21
300115,长盈精密,元器件,深圳,2017-04-21
300116,坚瑞消防,专用机械,陕西,2017-04-21
300117,嘉寓股份,装修装饰,北京,2017-04-21
300118,东方日升,半导体,浙江,2017-04-21
300119,瑞普生物,生物制药,天津,2017-04-21
300120,经纬电材,电气设备,天津,2017-04-21
300121,阳谷华泰,化工原料,山东,2017-04-21
300122,智飞生物,生物制药,重庆,2017-04-21
300123,太阳鸟,船舶,湖南,2017-04-21
300124,汇川技术,电器仪表,深圳,2017-04-21
300125,易世达,电气设备,辽宁,2017-04-21
300126,锐奇股份,轻工机械,上海,2017-04-21
300127,银河磁体,元器件,四川,2017-04-21
300128,锦富新材,元器件,江苏,2017-04-21
300129,泰胜风能,电气设备,上海,2017-04-21
300113,顺网科技,互联网,浙江,2017-04-21
300070,碧水源,环境保护,北京,2017-04-21
300238,冠昊生物,医疗保健,广东,2017-04-21
300240,飞力达,仓储物流,江苏,2017-04-21
300343,联创股份,化工原料,山东,2017-04-21
300344,太空板业,其他建材,北京,2017-04-21
300345,红宇新材,钢加工,湖南,2017-04-21
300346,南大光电,半导体,江苏,2017-04-21
300348,长亮科技,软件服务,深圳,2017-04-21
300349,金卡股份,电器仪表,浙江,2017-04-21
300342,天银机电,元器件,江苏,2017-04-21
300350,华鹏飞,仓储物流,深圳,2017-04-21
300352,北信源,软件服务,北京,2017-04-21
300353,东土科技,通信设备,北京,2017-04-21
300354,东华测试,电器仪表,江苏,2017-04-21
300355,蒙草抗旱,环境保护,内蒙,2017-04-21
300356,光一科技,电气设备,江苏,2017-04-21
300357,我武生物,生物制药,浙江,2017-04-21
300351,永贵电器,元器件,浙江,2017-04-21
300341,麦迪电气,电气设备,福建,2017-04-21
300340,科恒股份,元器件,广东,2017-04-21
300339,润和软件,软件服务,江苏,2017-04-21
300323,华灿光电,半导体,湖北,2017-04-21
300324,旋极信息,软件服务,北京,2017-04-21
300325,德威新材,塑料,江苏,2017-04-21
300326,凯利泰,医疗保健,上海,2017-04-21
300327,中颖电子,半导体,上海,2017-04-21
300328,宜安科技,铝,广东,2017-04-21
300329,海伦钢琴,文教休闲,浙江,2017-04-21
300330,华虹计通,软件服务,上海,2017-04-21
300331,苏大维格,元器件,江苏,2017-04-21
300332,天壕环境,环境保护,北京,2017-04-21
300333,兆日科技,元器件,深圳,2017-04-21
300335,迪森股份,供气供热,广东,2017-04-21
300336,新文化,影视音像,上海,2017-04-21
300337,银邦股份,铝,江苏,2017-04-21
300338,开元仪器,电器仪表,湖南,2017-04-21
300358,楚天科技,专用机械,湖南,2017-04-21
300321,同大股份,塑料,山东,2017-04-21
300359,全通教育,文教休闲,广东,2017-04-21
300362,天翔环境,环境保护,四川,2017-04-21
300385,雪浪环境,专用机械,江苏,2017-04-21
300386,飞天诚信,软件服务,北京,2017-04-21
300387,富邦股份,化工原料,湖北,2017-04-21
300388,国祯环保,环境保护,安徽,2017-04-21
300389,艾比森,半导体,深圳,2017-04-21
300390,天华超净,电脑设备,江苏,2017-04-21
300384,三联虹普,纺织机械,北京,2017-04-21
300391,康跃科技,机械基件,山东,2017-04-21
300393,中来股份,塑料,江苏,2017-04-21
300394,天孚通信,通信设备,江苏,2017-04-21
300395,菲利华,玻璃,湖北,2017-04-21
300396,迪瑞医疗,医疗保健,吉林,2017-04-21
300397,天和防务,通信设备,陕西,2017-04-21
300398,飞凯材料,染料涂料,上海,2017-04-21
300392,腾信股份,互联网,北京,2017-04-21
300383,光环新网,电信运营,北京,2017-04-21
300382,斯莱克,专用机械,江苏,2017-04-21
300381,溢多利,饲料,广东,2017-04-21
300363,博腾股份,化学制药,重庆,2017-04-21
300365,恒华科技,软件服务,北京,2017-04-21
300366,创意信息,软件服务,四川,2017-04-21
300368,汇金股份,专用机械,河北,2017-04-21
300369,绿盟科技,软件服务,北京,2017-04-21
300370,安控科技,电器仪表,北京,2017-04-21
300371,汇中股份,电器仪表,河北,2017-04-21
300373,扬杰科技,半导体,江苏,2017-04-21
300374,恒通科技,其他建材,北京,2017-04-21
300375,鹏翎股份,汽车配件,天津,2017-04-21
300376,易事特,电气设备,广东,2017-04-21
300377,赢时胜,软件服务,深圳,2017-04-21
300378,鼎捷软件,软件服务,上海,2017-04-21
300379,东方通,软件服务,北京,2017-04-21
300380,安硕信息,软件服务,上海,2017-04-21
300360,炬华科技,电器仪表,浙江,2017-04-21
300239,东宝生物,生物制药,内蒙,2017-04-21
300319,麦捷科技,元器件,深圳,2017-04-21
300317,珈伟股份,半导体,深圳,2017-04-21
300260,新莱应材,机械基件,江苏,2017-04-21
300261,雅本化学,农药化肥,江苏,2017-04-21
300262,巴安水务,环境保护,上海,2017-04-21
300263,隆华节能,专用机械,河南,2017-04-21
300264,佳创视讯,通信设备,深圳,2017-04-21
300267,尔康制药,化学制药,湖南,2017-04-21
300259,新天科技,电器仪表,河南,2017-04-21
300269,联建光电,半导体,深圳,2017-04-21
300271,华宇软件,软件服务,北京,2017-04-21
300272,开能环保,专用机械,上海,2017-04-21
300273,和佳股份,医疗保健,广东,2017-04-21
300274,阳光电源,电气设备,安徽,2017-04-21
300275,梅安森,软件服务,重庆,2017-04-21
300276,三丰智能,专用机械,湖北,2017-04-21
300270,中威电子,通信设备,浙江,2017-04-21
300258,精锻科技,汽车配件,江苏,2017-04-21
300257,开山股份,机械基件,浙江,2017-04-21
300256,星星科技,元器件,浙江,2017-04-21
300241,瑞丰光电,半导体,深圳,2017-04-21
300242,明家联合,元器件,广东,2017-04-21
300243,瑞丰高材,化工原料,山东,2017-04-21
300244,迪安诊断,医疗保健,浙江,2017-04-21
300245,天玑科技,软件服务,上海,2017-04-21
300246,宝莱特,医疗保健,广东,2017-04-21
300247,乐金健康,医疗保健,安徽,2017-04-21
300248,新开普,软件服务,河南,2017-04-21
300249,依米康,专用机械,四川,2017-04-21
300250,初灵信息,通信设备,浙江,2017-04-21
300251,光线传媒,影视音像,北京,2017-04-21
300252,金信诺,电气设备,深圳,2017-04-21
300253,卫宁健康,软件服务,上海,2017-04-21
300254,仟源医药,化学制药,山西,2017-04-21
300255,常山药业,生物制药,河北,2017-04-21
300277,海联讯,软件服务,深圳,2017-04-21
300318,博晖创新,医疗保健,北京,2017-04-21
300278,华昌达,专用机械,湖北,2017-04-21
300280,南通锻压,专用机械,江苏,2017-04-21
300301,长方集团,半导体,深圳,2017-04-21
300302,同有科技,软件服务,北京,2017-04-21
300303,聚飞光电,半导体,深圳,2017-04-21
300304,云意电气,汽车配件,江苏,2017-04-21
300305,裕兴股份,塑料,江苏,2017-04-21
300306,远方光电,电器仪表,浙江,2017-04-21
300300,汉鼎股份,软件服务,浙江,2017-04-21
300307,慈星股份,纺织机械,浙江,2017-04-21
300310,宜通世纪,通信设备,广东,2017-04-21
300311,任子行,软件服务,广东,2017-04-21
300312,邦讯技术,通信设备,北京,2017-04-21
300313,天山生物,农业综合,新疆,2017-04-21
300314,戴维医疗,医疗保健,浙江,2017-04-21
300316,晶盛机电,专用机械,浙江,2017-04-21
300308,中际装备,工程机械,山东,2017-04-21
300299,富春通信,通信设备,福建,2017-04-21
300298,三诺生物,医疗保健,湖南,2017-04-21
300297,蓝盾股份,软件服务,广东,2017-04-21
300281,金明精机,专用机械,广东,2017-04-21
300282,汇冠股份,电脑设备,北京,2017-04-21
300283,温州宏丰,电气设备,浙江,2017-04-21
300284,苏交科,建筑施工,江苏,2017-04-21
300285,国瓷材料,化工原料,山东,2017-04-21
300286,安科瑞,电器仪表,上海,2017-04-21
300287,飞利信,软件服务,北京,2017-04-21
300288,朗玛信息,软件服务,贵州,2017-04-21
300289,利德曼,生物制药,北京,2017-04-21
300290,荣科科技,软件服务,辽宁,2017-04-21
300292,吴通控股,通信设备,江苏,2017-04-21
300293,蓝英装备,专用机械,辽宁,2017-04-21
300294,博雅生物,生物制药,江西,2017-04-21
300295,三六五网,互联网,江苏,2017-04-21
300296,利亚德,半导体,北京,2017-04-21
300279,和晶科技,元器件,江苏,2017-04-21
300069,金利华电,电气设备,浙江,2017-04-21
300068,南都电源,电气设备,浙江,2017-04-21
300067,安诺其,染料涂料,上海,2017-04-21
2630,华西能源,专用机械,四川,2017-04-21
2631,德尔未来,家居用品,江苏,2017-04-21
2632,道明光学,化工原料,浙江,2017-04-21
2633,申科股份,机械基件,浙江,2017-04-21
2634,棒杰股份,服饰,浙江,2017-04-21
2635,安洁科技,电脑设备,江苏,2017-04-21
2629,仁智油服,石油贸易,四川,2017-04-21
2636,金安国纪,元器件,上海,2017-04-21
2639,雪人股份,专用机械,福建,2017-04-21
2641,永高股份,塑料,浙江,2017-04-21
2643,万润股份,化工原料,山东,2017-04-21
2644,佛慈制药,中成药,甘肃,2017-04-21
2645,华宏科技,专用机械,江苏,2017-04-21
2646,青青稞酒,白酒,青海,2017-04-21
2637,赞宇科技,日用化工,浙江,2017-04-21
2628,成都路桥,建筑施工,四川,2017-04-21
2627,宜昌交运,公路,湖北,2017-04-21
2626,金达威,食品,福建,2017-04-21
2609,捷顺科技,软件服务,深圳,2017-04-21
2610,爱康科技,电气设备,江苏,2017-04-21
2611,东方精工,轻工机械,广东,2017-04-21
2612,朗姿股份,服饰,北京,2017-04-21
2613,北玻股份,专用机械,河南,2017-04-21
2614,蒙发利,医疗保健,福建,2017-04-21
2615,哈尔斯,家居用品,浙江,2017-04-21
2616,长青集团,环境保护,广东,2017-04-21
2617,露笑科技,电气设备,浙江,2017-04-21
2618,丹邦科技,元器件,深圳,2017-04-21
2619,巨龙管业,水泥,浙江,2017-04-21
2620,瑞和股份,装修装饰,深圳,2017-04-21
2621,三垒股份,专用机械,辽宁,2017-04-21
2623,亚玛顿,玻璃,江苏,2017-04-21
2624,完美环球,影视音像,浙江,2017-04-21
2647,宏磊股份,电气设备,浙江,2017-04-21
2608,*ST舜船,船舶,江苏,2017-04-21
2648,卫星石化,化工原料,浙江,2017-04-21
2651,利君股份,专用机械,四川,2017-04-21
2676,顺威股份,塑料,广东,2017-04-21
2677,浙江美大,家用电器,浙江,2017-04-21
2678,珠江钢琴,文教休闲,广东,2017-04-21
2679,福建金森,林业,福建,2017-04-21
2680,长生生物,生物制药,江苏,2017-04-21
2681,奋达科技,家用电器,深圳,2017-04-21
2674,兴业科技,纺织,福建,2017-04-21
2682,龙洲股份,公路,福建,2017-04-21
2686,亿利达,专用机械,浙江,2017-04-21
2687,乔治白,服饰,浙江,2017-04-21
2688,金河生物,化学制药,内蒙,2017-04-21
2689,远大智能,运输设备,辽宁,2017-04-21
2690,美亚光电,专用机械,安徽,2017-04-21
2691,冀凯股份,专用机械,河北,2017-04-21
2683,宏大爆破,化工原料,广东,2017-04-21
2673,西部证券,证券,陕西,2017-04-21
2672,东江环保,环境保护,广东,2017-04-21
2671,龙泉股份,其他建材,山东,2017-04-21
2653,海思科,化学制药,西藏,2017-04-21
2654,万润科技,半导体,深圳,2017-04-21
2656,摩登大道,服饰,广东,2017-04-21
2657,中科金财,软件服务,北京,2017-04-21
2658,雪迪龙,电器仪表,北京,2017-04-21
2659,中泰桥梁,建筑施工,江苏,2017-04-21
2660,茂硕电源,电气设备,深圳,2017-04-21
2661,克明面业,食品,湖南,2017-04-21
2662,京威股份,汽车配件,北京,2017-04-21
2663,普邦园林,建筑施工,广东,2017-04-21
2665,首航节能,电气设备,北京,2017-04-21
2666,德联集团,化工原料,广东,2017-04-21
2667,鞍重股份,工程机械,辽宁,2017-04-21
2668,奥马电器,家用电器,广东,2017-04-21
2670,华声股份,电气设备,广东,2017-04-21
2649,博彦科技,软件服务,北京,2017-04-21
2692,远程电缆,电气设备,江苏,2017-04-21
2607,亚夏汽车,汽车服务,安徽,2017-04-21
2604,龙力生物,食品,山东,2017-04-21
2385,大北农,饲料,北京,2017-04-21
2386,天原集团,化工原料,四川,2017-04-21
2387,黑牛食品,软饮料,广东,2017-04-21
2388,新亚制程,元器件,深圳,2017-04-21
2389,南洋科技,元器件,浙江,2017-04-21
2390,信邦制药,中成药,贵州,2017-04-21
2384,东山精密,通信设备,江苏,2017-04-21
2391,长青股份,农药化肥,江苏,2017-04-21
2393,力生制药,化学制药,天津,2017-04-21
2394,联发股份,纺织,江苏,2017-04-21
2395,双象股份,塑料,江苏,2017-04-21
2396,星网锐捷,通信设备,福建,2017-04-21
2397,梦洁家纺,纺织,湖南,2017-04-21
2398,建研集团,其他建材,福建,2017-04-21
2392,北京利尔,其他建材,北京,2017-04-21
2383,合众思壮,通信设备,北京,2017-04-21
2382,蓝帆医疗,医疗保健,山东,2017-04-21
2380,科远股份,电气设备,江苏,2017-04-21
2365,永安药业,化学制药,湖北,2017-04-21
2366,台海核电,专用机械,四川,2017-04-21
2367,康力电梯,运输设备,江苏,2017-04-21
2368,太极股份,软件服务,北京,2017-04-21
2369,卓翼科技,通信设备,深圳,2017-04-21
2370,亚太药业,化学制药,浙江,2017-04-21
2371,七星电子,半导体,北京,2017-04-21
2372,伟星新材,其他建材,浙江,2017-04-21
2373,千方科技,软件服务,北京,2017-04-21
2374,丽鹏股份,广告包装,山东,2017-04-21
2375,亚厦股份,装修装饰,浙江,2017-04-21
2376,新北洋,电脑设备,山东,2017-04-21
2377,国创高新,化工原料,湖北,2017-04-21
2378,章源钨业,小金属,江西,2017-04-21
2379,鲁丰环保,铝,山东,2017-04-21
2399,海普瑞,化学制药,深圳,2017-04-21
2605,姚记扑克,文教休闲,上海,2017-04-21
2401,中海科技,软件服务,上海,2017-04-21
2403,爱仕达,家用电器,浙江,2017-04-21
2511,中顺洁柔,造纸,广东,2017-04-21
2512,达华智能,元器件,广东,2017-04-21
2514,宝馨科技,机械基件,江苏,2017-04-21
2515,金字火腿,食品,浙江,2017-04-21
2516,旷达科技,纺织,江苏,2017-04-21
2594,比亚迪,汽车整车,深圳,2017-04-21
2510,天汽模,汽车配件,天津,2017-04-21
2595,豪迈科技,专用机械,山东,2017-04-21
2597,金禾实业,化工原料,安徽,2017-04-21
2598,山东章鼓,机械基件,山东,2017-04-21
2599,盛通股份,广告包装,北京,2017-04-21
2601,佰利联,化工原料,河南,2017-04-21
2602,世纪华通,汽车配件,浙江,2017-04-21
2603,以岭药业,中成药,河北,2017-04-21
2596,海南瑞泽,其他建材,海南,2017-04-21
2509,天广消防,专用机械,福建,2017-04-21
2508,老板电器,家用电器,浙江,2017-04-21
2507,涪陵榨菜,食品,重庆,2017-04-21
2404,嘉欣丝绸,纺织,浙江,2017-04-21
2405,四维图新,软件服务,北京,2017-04-21
2406,远东传动,汽车配件,河南,2017-04-21
2407,多氟多,化工原料,河南,2017-04-21
2408,齐翔腾达,化工原料,山东,2017-04-21
2409,雅克科技,化工原料,江苏,2017-04-21
2410,广联达,软件服务,北京,2017-04-21
2411,必康股份,化学制药,江苏,2017-04-21
2412,汉森制药,中成药,湖南,2017-04-21
2413,雷科防务,通信设备,江苏,2017-04-21
2414,高德红外,电器仪表,湖北,2017-04-21
2415,海康威视,电器仪表,浙江,2017-04-21
2416,爱施德,电器连锁,深圳,2017-04-21
2419,天虹商场,百货,深圳,2017-04-21
2506,协鑫集成,半导体,上海,2017-04-21
2402,和而泰,元器件,深圳,2017-04-21
2693,双成药业,化学制药,海南,2017-04-21
2694,顾地科技,塑料,湖北,2017-04-21
2695,煌上煌,食品,江西,2017-04-21
300010,立思辰,软件服务,北京,2017-04-21
300011,鼎汉技术,运输设备,北京,2017-04-21
300012,华测检测,电器仪表,深圳,2017-04-21
300013,新宁物流,仓储物流,江苏,2017-04-21
300014,亿纬锂能,元器件,广东,2017-04-21
300015,爱尔眼科,医疗保健,湖南,2017-04-21
300009,安科生物,生物制药,安徽,2017-04-21
300016,北陆药业,中成药,北京,2017-04-21
300018,中元华电,电气设备,湖北,2017-04-21
300019,硅宝科技,化工原料,四川,2017-04-21
300020,银江股份,软件服务,浙江,2017-04-21
300021,大禹节水,农业综合,甘肃,2017-04-21
300022,吉峰农机,其他商业,四川,2017-04-21
300023,宝德股份,专用机械,陕西,2017-04-21
300017,网宿科技,电信运营,上海,2017-04-21
300008,上海佳豪,船舶,上海,2017-04-21
300007,汉威电子,电器仪表,河南,2017-04-21
300006,莱美药业,化学制药,重庆,2017-04-21
2782,可立克,电气设备,深圳,2017-04-21
2783,凯龙股份,化工原料,湖北,2017-04-21
2785,万里石,其他建材,福建,2017-04-21
2786,银宝山新,专用机械,深圳,2017-04-21
2788,鹭燕医药,医药商业,福建,2017-04-21
2789,建艺集团,装修装饰,深圳,2017-04-21
2790,瑞尔特,家居用品,福建,2017-04-21
2791,坚朗五金,其他建材,广东,2017-04-21
2792,通宇通讯,通信设备,广东,2017-04-21
2793,东音股份,专用机械,浙江,2017-04-21
300001,特锐德,电气设备,山东,2017-04-21
300002,神州泰岳,软件服务,北京,2017-04-21
300003,乐普医疗,医疗保健,北京,2017-04-21
300004,南风股份,电气设备,广东,2017-04-21
300005,探路者,服饰,北京,2017-04-21
300024,机器人,专用机械,辽宁,2017-04-21
2781,奇信股份,装修装饰,深圳,2017-04-21
300026,红日药业,中成药,天津,2017-04-21
300028,金亚科技,通信设备,四川,2017-04-21
300049,福瑞股份,中成药,内蒙,2017-04-21
300050,世纪鼎利,软件服务,广东,2017-04-21
300052,中青宝,互联网,深圳,2017-04-21
300053,欧比特,半导体,广东,2017-04-21
300054,鼎龙股份,化工原料,湖北,2017-04-21
300055,万邦达,环境保护,北京,2017-04-21
300048,合康变频,电气设备,北京,2017-04-21
300056,三维丝,专用机械,福建,2017-04-21
300059,东方财富,互联网,上海,2017-04-21
300061,康耐特,医疗保健,上海,2017-04-21
300062,中能电气,电气设备,福建,2017-04-21
300063,天龙集团,染料涂料,广东,2017-04-21
300064,豫金刚石,矿物制品,河南,2017-04-21
300066,三川智慧,电器仪表,江西,2017-04-21
300058,蓝色光标,广告包装,北京,2017-04-21
300046,台基股份,半导体,湖北,2017-04-21
300045,华力创通,电脑设备,北京,2017-04-21
300044,赛为智能,软件服务,深圳,2017-04-21
300029,天龙光电,半导体,江苏,2017-04-21
300030,阳普医疗,医疗保健,广东,2017-04-21
300031,宝通科技,橡胶,江苏,2017-04-21
300032,金龙机电,元器件,浙江,2017-04-21
300033,同花顺,软件服务,浙江,2017-04-21
300034,钢研高纳,小金属,北京,2017-04-21
300035,中科电气,工程机械,湖南,2017-04-21
300036,超图软件,软件服务,北京,2017-04-21
300037,新宙邦,化工原料,深圳,2017-04-21
300038,梅泰诺,通信设备,北京,2017-04-21
300039,上海凯宝,中成药,上海,2017-04-21
300040,九洲电气,电气设备,黑龙江,2017-04-21
300041,回天新材,化工原料,湖北,2017-04-21
300042,朗科科技,电脑设备,深圳,2017-04-21
300043,互动娱乐,文教休闲,广东,2017-04-21
300027,华谊兄弟,影视音像,浙江,2017-04-21
2780,三夫户外,其他商业,北京,2017-04-21
2779,中坚科技,农用机械,浙江,2017-04-21
2778,高科石化,石油加工,江苏,2017-04-21
2719,麦趣尔,乳制品,新疆,2017-04-21
2722,金轮股份,纺织机械,江苏,2017-04-21
2723,金莱特,家用电器,广东,2017-04-21
2724,海洋王,半导体,深圳,2017-04-21
2725,跃岭股份,汽车配件,浙江,2017-04-21
2726,龙大肉食,食品,山东,2017-04-21
2718,友邦吊顶,家居用品,浙江,2017-04-21
2727,一心堂,医药商业,云南,2017-04-21
2729,好利来,元器件,福建,2017-04-21
2730,电光科技,电气设备,浙江,2017-04-21
2731,萃华珠宝,服饰,辽宁,2017-04-21
2732,燕塘乳业,乳制品,广东,2017-04-21
2733,雄韬股份,电气设备,深圳,2017-04-21
2734,利民股份,农药化肥,江苏,2017-04-21
2728,台城制药,中成药,广东,2017-04-21
2716,金贵银业,小金属,湖南,2017-04-21
2715,登云股份,汽车配件,广东,2017-04-21
2714,牧原股份,农业综合,河南,2017-04-21
2696,百洋股份,渔业,广西,2017-04-21
2697,红旗连锁,超市连锁,四川,2017-04-21
2698,博实股份,化工机械,黑龙江,2017-04-21
2700,新疆浩源,供气供热,新疆,2017-04-21
2701,奥瑞金,广告包装,北京,2017-04-21
2702,海欣食品,食品,福建,2017-04-21
2703,浙江世宝,汽车配件,浙江,2017-04-21
2705,新宝股份,家用电器,广东,2017-04-21
2706,良信电器,电气设备,上海,2017-04-21
2707,众信旅游,旅游服务,北京,2017-04-21
2708,光洋股份,汽车配件,江苏,2017-04-21
2709,天赐材料,化工原料,广东,2017-04-21
2711,欧浦智网,仓储物流,广东,2017-04-21
2712,思美传媒,广告包装,浙江,2017-04-21
2713,东易日盛,装修装饰,北京,2017-04-21
2735,王子新材,塑料,深圳,2017-04-21
2736,国信证券,证券,深圳,2017-04-21
2737,葵花药业,中成药,黑龙江,2017-04-21
2738,中矿资源,建筑施工,北京,2017-04-21
2761,多喜爱,纺织,湖南,2017-04-21
2762,金发拉比,服饰,广东,2017-04-21
2763,汇洁股份,服饰,深圳,2017-04-21
2765,蓝黛传动,汽车配件,重庆,2017-04-21
2766,索菱股份,汽车配件,深圳,2017-04-21
2767,先锋电子,电器仪表,浙江,2017-04-21
2768,国恩股份,塑料,山东,2017-04-21
2769,普路通,仓储物流,深圳,2017-04-21
2770,科迪乳业,乳制品,河南,2017-04-21
2771,真视通,软件服务,北京,2017-04-21
2772,众兴菌业,种植业,甘肃,2017-04-21
2773,康弘药业,中成药,四川,2017-04-21
2775,文科园林,建筑施工,深圳,2017-04-21
2776,柏堡龙,服饰,广东,2017-04-21
2777,久远银海,软件服务,四川,2017-04-21
2760,凤形股份,机械基件,安徽,2017-04-21
2363,隆基机械,汽车配件,山东,2017-04-21
2759,天际股份,家用电器,广东,2017-04-21
2757,南兴装备,家居用品,广东,2017-04-21
2739,万达院线,影视音像,北京,2017-04-21
2740,爱迪尔,服饰,深圳,2017-04-21
2741,光华科技,化工原料,广东,2017-04-21
2742,三圣特材,其他建材,重庆,2017-04-21
2743,富煌钢构,钢加工,安徽,2017-04-21
2746,仙坛股份,农业综合,山东,2017-04-21
2747,埃斯顿,机械基件,江苏,2017-04-21
2748,世龙实业,化工原料,江西,2017-04-21
2749,国光股份,农药化肥,四川,2017-04-21
2750,龙津药业,中成药,云南,2017-04-21
2751,易尚展示,家居用品,深圳,2017-04-21
2752,N兴股份,广告包装,福建,2017-04-21
2753,永东股份,化工原料,山西,2017-04-21
2755,东方新星,建筑施工,北京,2017-04-21
2756,永兴特钢,特种钢,浙江,2017-04-21
2758,华通医药,医药商业,浙江,2017-04-21
300169,天晟新材,塑料,江苏,2017-04-21
